"Device","Measurement","Unit","Average","Minimum","Maximum","Timestamp","Value"
"Medidor 4 - ICAS","Corriente L3","A",13.77464840674849,0,82.7311,"2025-01-12T02:59:42.779Z",5.816
"Medidor 4 - ICAS","Corriente L3","A",13.77464840674849,0,82.7311,"2025-01-12T03:00:42.850Z",5.7606
"Medidor 4 - ICAS","Corriente L3","A",13.77464840674849,0,82.7311,"2025-01-12T03:01:42.905Z",5.8019
"Medidor 4 - ICAS","Corriente L3","A",13.77464840674849,0,82.7311,"2025-01-12T03:02:42.967Z",4.6662
"Medidor 4 - ICAS","Corriente L3","A",13.77464840674849,0,82.7311,"2025-01-12T03:03:43.055Z",5.8586
"Medidor 4 - ICAS","Corriente L3","A",13.77464840674849,0,82.7311,"2025-01-12T03:04:43.147Z",4.6182
"Medidor 4 - ICAS","Corriente L3","A",13.77464840674849,0,82.7311,"2025-01-12T03:05:43.259Z",4.7287
"Medidor 4 - ICAS","Corriente L3","A",13.77464840674849,0,82.7311,"2025-01-12T03:06:43.341Z",4.6187
"Medidor 4 - ICAS","Corriente L3","A",13.77464840674849,0,82.7311,"2025-01-12T03:07:43.443Z",4.6823
"Medidor 4 - ICAS","Corriente L3","A",13.77464840674849,0,82.7311,"2025-01-12T03:08:43.531Z",4.7034
"Medidor 4 - ICAS","Corriente L3","A",13.77464840674849,0,82.7311,"2025-01-12T03:09:43.612Z",4.6088
"Medidor 4 - ICAS","Corriente L3","A",13.77464840674849,0,82.7311,"2025-01-12T03:10:43.749Z",5.694
"Medidor 4 - ICAS","Corriente L3","A",13.77464840674849,0,82.7311,"2025-01-12T03:11:43.855Z",5.794
"Medidor 4 - ICAS","Corriente L3","A",13.77464840674849,0,82.7311,"2025-01-12T03:12:43.971Z",5.8005
"Medidor 4 - ICAS","Corriente L3","A",13.77464840674849,0,82.7311,"2025-01-12T03:13:44.060Z",5.7714
"Medidor 4 - ICAS","Corriente L3","A",13.77464840674849,0,82.7311,"2025-01-12T03:14:44.178Z",5.811
"Medidor 4 - ICAS","Corriente L3","A",13.77464840674849,0,82.7311,"2025-01-12T03:15:44.250Z",4.6335
"Medidor 4 - ICAS","Corriente L3","A",13.77464840674849,0,82.7311,"2025-01-12T03:16:44.287Z",4.5995
"Medidor 4 - ICAS","Corriente L3","A",13.77464840674849,0,82.7311,"2025-01-12T03:17:44.417Z",6.9943
"Medidor 4 - ICAS","Corriente L3","A",13.77464840674849,0,82.7311,"2025-01-12T03:18:44.508Z",4.6133
"Medidor 4 - ICAS","Corriente L3","A",13.77464840674849,0,82.7311,"2025-01-12T03:19:44.590Z",4.6657
"Medidor 4 - ICAS","Corriente L3","A",13.77464840674849,0,82.7311,"2025-01-12T03:20:44.668Z",4.6275
"Medidor 4 - ICAS","Corriente L3","A",13.77464840674849,0,82.7311,"2025-01-12T03:21:44.714Z",4.6771
"Medidor 4 - ICAS","Corriente L3","A",13.77464840674849,0,82.7311,"2025-01-12T03:22:44.868Z",5.7802
"Medidor 4 - ICAS","Corriente L3","A",13.77464840674849,0,82.7311,"2025-01-12T03:23:44.935Z",4.6465
"Medidor 4 - ICAS","Corriente L3","A",13.77464840674849,0,82.7311,"2025-01-12T03:24:45.025Z",4.6131
"Medidor 4 - ICAS","Corriente L3","A",13.77464840674849,0,82.7311,"2025-01-12T03:25:45.116Z",4.5876
"Medidor 4 - ICAS","Corriente L3","A",13.77464840674849,0,82.7311,"2025-01-12T03:26:45.156Z",4.6211
"Medidor 4 - ICAS","Corriente L3","A",13.77464840674849,0,82.7311,"2025-01-12T03:27:45.247Z",5.7406
"Medidor 4 - ICAS","Corriente L3","A",13.77464840674849,0,82.7311,"2025-01-12T03:28:45.345Z",4.6146
"Medidor 4 - ICAS","Corriente L3","A",13.77464840674849,0,82.7311,"2025-01-12T03:29:45.445Z",4.5861
"Medidor 4 - ICAS","Corriente L3","A",13.77464840674849,0,82.7311,"2025-01-12T03:30:45.578Z",4.368
"Medidor 4 - ICAS","Corriente L3","A",13.77464840674849,0,82.7311,"2025-01-12T03:31:45.652Z",4.3408
"Medidor 4 - ICAS","Corriente L3","A",13.77464840674849,0,82.7311,"2025-01-12T03:32:45.807Z",5.5366
"Medidor 4 - ICAS","Corriente L3","A",13.77464840674849,0,82.7311,"2025-01-12T03:33:45.867Z",10.6842
"Medidor 4 - ICAS","Corriente L3","A",13.77464840674849,0,82.7311,"2025-01-12T03:34:45.964Z",5.5015
"Medidor 4 - ICAS","Corriente L3","A",13.77464840674849,0,82.7311,"2025-01-12T03:35:46.032Z",4.3372
"Medidor 4 - ICAS","Corriente L3","A",13.77464840674849,0,82.7311,"2025-01-12T03:36:46.169Z",5.6259
"Medidor 4 - ICAS","Corriente L3","A",13.77464840674849,0,82.7311,"2025-01-12T03:37:46.171Z",6.7808
"Medidor 4 - ICAS","Corriente L3","A",13.77464840674849,0,82.7311,"2025-01-12T03:38:46.289Z",5.5113
"Medidor 4 - ICAS","Corriente L3","A",13.77464840674849,0,82.7311,"2025-01-12T03:39:46.380Z",5.549
"Medidor 4 - ICAS","Corriente L3","A",13.77464840674849,0,82.7311,"2025-01-12T03:40:46.477Z",5.5959
"Medidor 4 - ICAS","Corriente L3","A",13.77464840674849,0,82.7311,"2025-01-12T03:41:46.589Z",4.3755
"Medidor 4 - ICAS","Corriente L3","A",13.77464840674849,0,82.7311,"2025-01-12T03:42:46.664Z",5.6042
"Medidor 4 - ICAS","Corriente L3","A",13.77464840674849,0,82.7311,"2025-01-12T03:43:46.769Z",4.374
"Medidor 4 - ICAS","Corriente L3","A",13.77464840674849,0,82.7311,"2025-01-12T03:44:46.805Z",4.3706
"Medidor 4 - ICAS","Corriente L3","A",13.77464840674849,0,82.7311,"2025-01-12T03:45:46.906Z",4.3929
"Medidor 4 - ICAS","Corriente L3","A",13.77464840674849,0,82.7311,"2025-01-12T03:46:47.011Z",4.4388
"Medidor 4 - ICAS","Corriente L3","A",13.77464840674849,0,82.7311,"2025-01-12T03:47:47.095Z",5.5738
"Medidor 4 - ICAS","Corriente L3","A",13.77464840674849,0,82.7311,"2025-01-12T03:48:47.158Z",4.3416
"Medidor 4 - ICAS","Corriente L3","A",13.77464840674849,0,82.7311,"2025-01-12T03:49:47.276Z",4.3736
"Medidor 4 - ICAS","Corriente L3","A",13.77464840674849,0,82.7311,"2025-01-12T03:50:47.379Z",4.3615
"Medidor 4 - ICAS","Corriente L3","A",13.77464840674849,0,82.7311,"2025-01-12T03:51:47.511Z",4.3457
"Medidor 4 - ICAS","Corriente L3","A",13.77464840674849,0,82.7311,"2025-01-12T03:52:47.631Z",4.4327
"Medidor 4 - ICAS","Corriente L3","A",13.77464840674849,0,82.7311,"2025-01-12T03:53:47.635Z",4.3659
"Medidor 4 - ICAS","Corriente L3","A",13.77464840674849,0,82.7311,"2025-01-12T03:54:47.747Z",4.36
"Medidor 4 - ICAS","Corriente L3","A",13.77464840674849,0,82.7311,"2025-01-12T03:55:47.861Z",4.3433
"Medidor 4 - ICAS","Corriente L3","A",13.77464840674849,0,82.7311,"2025-01-12T03:56:47.948Z",5.5697
"Medidor 4 - ICAS","Corriente L3","A",13.77464840674849,0,82.7311,"2025-01-12T03:57:48.009Z",4.3843
"Medidor 4 - ICAS","Corriente L3","A",13.77464840674849,0,82.7311,"2025-01-12T03:58:48.116Z",4.4471
"Medidor 4 - ICAS","Corriente L3","A",13.77464840674849,0,82.7311,"2025-01-12T03:59:48.234Z",5.5702
"Medidor 4 - ICAS","Corriente L3","A",13.77464840674849,0,82.7311,"2025-01-12T04:00:48.305Z",5.576
"Medidor 4 - ICAS","Corriente L3","A",13.77464840674849,0,82.7311,"2025-01-12T04:01:48.373Z",5.5963
"Medidor 4 - ICAS","Corriente L3","A",13.77464840674849,0,82.7311,"2025-01-12T04:02:48.470Z",4.3551
"Medidor 4 - ICAS","Corriente L3","A",13.77464840674849,0,82.7311,"2025-01-12T04:03:48.581Z",5.6364
"Medidor 4 - ICAS","Corriente L3","A",13.77464840674849,0,82.7311,"2025-01-12T04:04:48.683Z",5.5375
"Medidor 4 - ICAS","Corriente L3","A",13.77464840674849,0,82.7311,"2025-01-12T04:05:48.812Z",5.5658
"Medidor 4 - ICAS","Corriente L3","A",13.77464840674849,0,82.7311,"2025-01-12T04:06:48.878Z",6.8107
"Medidor 4 - ICAS","Corriente L3","A",13.77464840674849,0,82.7311,"2025-01-12T04:07:48.953Z",5.5902
"Medidor 4 - ICAS","Corriente L3","A",13.77464840674849,0,82.7311,"2025-01-12T04:08:49.050Z",4.491
"Medidor 4 - ICAS","Corriente L3","A",13.77464840674849,0,82.7311,"2025-01-12T04:09:49.144Z",4.403
"Medidor 4 - ICAS","Corriente L3","A",13.77464840674849,0,82.7311,"2025-01-12T04:10:49.217Z",4.4171
"Medidor 4 - ICAS","Corriente L3","A",13.77464840674849,0,82.7311,"2025-01-12T04:11:49.266Z",4.4181
"Medidor 4 - ICAS","Corriente L3","A",13.77464840674849,0,82.7311,"2025-01-12T04:12:49.317Z",4.4407
"Medidor 4 - ICAS","Corriente L3","A",13.77464840674849,0,82.7311,"2025-01-12T04:13:49.389Z",4.353
"Medidor 4 - ICAS","Corriente L3","A",13.77464840674849,0,82.7311,"2025-01-12T04:14:49.512Z",4.3366
"Medidor 4 - ICAS","Corriente L3","A",13.77464840674849,0,82.7311,"2025-01-12T04:15:49.564Z",6.6961
"Medidor 4 - ICAS","Corriente L3","A",13.77464840674849,0,82.7311,"2025-01-12T04:16:49.703Z",5.4305
"Medidor 4 - ICAS","Corriente L3","A",13.77464840674849,0,82.7311,"2025-01-12T04:17:49.771Z",5.5344
"Medidor 4 - ICAS","Corriente L3","A",13.77464840674849,0,82.7311,"2025-01-12T04:18:49.857Z",4.4997
"Medidor 4 - ICAS","Corriente L3","A",13.77464840674849,0,82.7311,"2025-01-12T04:19:49.918Z",4.4622
"Medidor 4 - ICAS","Corriente L3","A",13.77464840674849,0,82.7311,"2025-01-12T04:20:50.020Z",5.5932
"Medidor 4 - ICAS","Corriente L3","A",13.77464840674849,0,82.7311,"2025-01-12T04:21:50.141Z",5.5782
"Medidor 4 - ICAS","Corriente L3","A",13.77464840674849,0,82.7311,"2025-01-12T04:22:50.261Z",4.5144
"Medidor 4 - ICAS","Corriente L3","A",13.77464840674849,0,82.7311,"2025-01-12T04:23:50.318Z",4.4834
"Medidor 4 - ICAS","Corriente L3","A",13.77464840674849,0,82.7311,"2025-01-12T04:24:50.412Z",4.4677
"Medidor 4 - ICAS","Corriente L3","A",13.77464840674849,0,82.7311,"2025-01-12T04:25:50.547Z",5.6095
"Medidor 4 - ICAS","Corriente L3","A",13.77464840674849,0,82.7311,"2025-01-12T04:26:50.601Z",5.5488
"Medidor 4 - ICAS","Corriente L3","A",13.77464840674849,0,82.7311,"2025-01-12T04:27:50.741Z",5.5854
"Medidor 4 - ICAS","Corriente L3","A",13.77464840674849,0,82.7311,"2025-01-12T04:28:50.843Z",4.4831
"Medidor 4 - ICAS","Corriente L3","A",13.77464840674849,0,82.7311,"2025-01-12T04:29:50.883Z",4.4766
"Medidor 4 - ICAS","Corriente L3","A",13.77464840674849,0,82.7311,"2025-01-12T04:30:50.973Z",5.5893
"Medidor 4 - ICAS","Corriente L3","A",13.77464840674849,0,82.7311,"2025-01-12T04:31:51.114Z",4.5114
"Medidor 4 - ICAS","Corriente L3","A",13.77464840674849,0,82.7311,"2025-01-12T04:32:51.185Z",4.5711
"Medidor 4 - ICAS","Corriente L3","A",13.77464840674849,0,82.7311,"2025-01-12T04:33:51.266Z",4.5076
"Medidor 4 - ICAS","Corriente L3","A",13.77464840674849,0,82.7311,"2025-01-12T04:34:51.380Z",4.5204
"Medidor 4 - ICAS","Corriente L3","A",13.77464840674849,0,82.7311,"2025-01-12T04:35:51.452Z",4.5161
"Medidor 4 - ICAS","Corriente L3","A",13.77464840674849,0,82.7311,"2025-01-12T04:36:51.520Z",4.4678
"Medidor 4 - ICAS","Corriente L3","A",13.77464840674849,0,82.7311,"2025-01-12T04:37:51.571Z",4.5146
"Medidor 4 - ICAS","Corriente L3","A",13.77464840674849,0,82.7311,"2025-01-12T04:38:51.668Z",4.492
"Medidor 4 - ICAS","Corriente L3","A",13.77464840674849,0,82.7311,"2025-01-12T04:39:51.690Z",5.5667
"Medidor 4 - ICAS","Corriente L3","A",13.77464840674849,0,82.7311,"2025-01-12T04:40:51.828Z",4.4411
"Medidor 4 - ICAS","Corriente L3","A",13.77464840674849,0,82.7311,"2025-01-12T04:41:51.892Z",4.4308
"Medidor 4 - ICAS","Corriente L3","A",13.77464840674849,0,82.7311,"2025-01-12T04:42:52.029Z",5.5292
"Medidor 4 - ICAS","Corriente L3","A",13.77464840674849,0,82.7311,"2025-01-12T04:43:52.045Z",4.2316
"Medidor 4 - ICAS","Corriente L3","A",13.77464840674849,0,82.7311,"2025-01-12T04:44:52.102Z",5.2816
"Medidor 4 - ICAS","Corriente L3","A",13.77464840674849,0,82.7311,"2025-01-12T04:45:52.164Z",4.2176
"Medidor 4 - ICAS","Corriente L3","A",13.77464840674849,0,82.7311,"2025-01-12T04:46:52.260Z",4.2293
"Medidor 4 - ICAS","Corriente L3","A",13.77464840674849,0,82.7311,"2025-01-12T04:47:52.374Z",4.2191
"Medidor 4 - ICAS","Corriente L3","A",13.77464840674849,0,82.7311,"2025-01-12T04:48:52.417Z",4.2168
"Medidor 4 - ICAS","Corriente L3","A",13.77464840674849,0,82.7311,"2025-01-12T04:49:52.467Z",5.2742
"Medidor 4 - ICAS","Corriente L3","A",13.77464840674849,0,82.7311,"2025-01-12T04:50:52.612Z",4.2458
"Medidor 4 - ICAS","Corriente L3","A",13.77464840674849,0,82.7311,"2025-01-12T04:51:52.667Z",5.2616
"Medidor 4 - ICAS","Corriente L3","A",13.77464840674849,0,82.7311,"2025-01-12T04:52:52.786Z",6.3679
"Medidor 4 - ICAS","Corriente L3","A",13.77464840674849,0,82.7311,"2025-01-12T04:53:52.925Z",5.2307
"Medidor 4 - ICAS","Corriente L3","A",13.77464840674849,0,82.7311,"2025-01-12T04:54:53.001Z",5.2757
"Medidor 4 - ICAS","Corriente L3","A",13.77464840674849,0,82.7311,"2025-01-12T04:55:53.061Z",5.317
"Medidor 4 - ICAS","Corriente L3","A",13.77464840674849,0,82.7311,"2025-01-12T04:56:53.210Z",5.323
"Medidor 4 - ICAS","Corriente L3","A",13.77464840674849,0,82.7311,"2025-01-12T04:57:53.288Z",5.3224
"Medidor 4 - ICAS","Corriente L3","A",13.77464840674849,0,82.7311,"2025-01-12T04:58:53.453Z",5.3232
"Medidor 4 - ICAS","Corriente L3","A",13.77464840674849,0,82.7311,"2025-01-12T04:59:53.485Z",4.2592
"Medidor 4 - ICAS","Corriente L3","A",13.77464840674849,0,82.7311,"2025-01-12T05:00:53.576Z",4.2382
"Medidor 4 - ICAS","Corriente L3","A",13.77464840674849,0,82.7311,"2025-01-12T05:01:53.718Z",4.2439
"Medidor 4 - ICAS","Corriente L3","A",13.77464840674849,0,82.7311,"2025-01-12T05:02:53.782Z",4.2656
"Medidor 4 - ICAS","Corriente L3","A",13.77464840674849,0,82.7311,"2025-01-12T05:03:53.889Z",6.4368
"Medidor 4 - ICAS","Corriente L3","A",13.77464840674849,0,82.7311,"2025-01-12T05:04:53.995Z",5.2466
"Medidor 4 - ICAS","Corriente L3","A",13.77464840674849,0,82.7311,"2025-01-12T05:05:54.087Z",4.2106
"Medidor 4 - ICAS","Corriente L3","A",13.77464840674849,0,82.7311,"2025-01-12T05:06:54.216Z",4.2002
"Medidor 4 - ICAS","Corriente L3","A",13.77464840674849,0,82.7311,"2025-01-12T05:07:54.328Z",4.2163
"Medidor 4 - ICAS","Corriente L3","A",13.77464840674849,0,82.7311,"2025-01-12T05:08:54.418Z",5.0181
"Medidor 4 - ICAS","Corriente L3","A",13.77464840674849,0,82.7311,"2025-01-12T05:09:54.510Z",4.187
"Medidor 4 - ICAS","Corriente L3","A",13.77464840674849,0,82.7311,"2025-01-12T05:10:54.556Z",4.1995
"Medidor 4 - ICAS","Corriente L3","A",13.77464840674849,0,82.7311,"2025-01-12T05:11:54.652Z",4.1953
"Medidor 4 - ICAS","Corriente L3","A",13.77464840674849,0,82.7311,"2025-01-12T05:12:54.774Z",4.2514
"Medidor 4 - ICAS","Corriente L3","A",13.77464840674849,0,82.7311,"2025-01-12T05:13:54.836Z",4.2553
"Medidor 4 - ICAS","Corriente L3","A",13.77464840674849,0,82.7311,"2025-01-12T05:14:54.905Z",4.2381
"Medidor 4 - ICAS","Corriente L3","A",13.77464840674849,0,82.7311,"2025-01-12T05:15:54.987Z",4.2235
"Medidor 4 - ICAS","Corriente L3","A",13.77464840674849,0,82.7311,"2025-01-12T05:16:55.105Z",4.2109
"Medidor 4 - ICAS","Corriente L3","A",13.77464840674849,0,82.7311,"2025-01-12T05:17:55.215Z",5.264
"Medidor 4 - ICAS","Corriente L3","A",13.77464840674849,0,82.7311,"2025-01-12T05:18:55.267Z",4.2242
"Medidor 4 - ICAS","Corriente L3","A",13.77464840674849,0,82.7311,"2025-01-12T05:19:55.406Z",5.2294
"Medidor 4 - ICAS","Corriente L3","A",13.77464840674849,0,82.7311,"2025-01-12T05:20:55.501Z",5.2309
"Medidor 4 - ICAS","Corriente L3","A",13.77464840674849,0,82.7311,"2025-01-12T05:21:55.586Z",4.215
"Medidor 4 - ICAS","Corriente L3","A",13.77464840674849,0,82.7311,"2025-01-12T05:22:55.698Z",4.297
"Medidor 4 - ICAS","Corriente L3","A",13.77464840674849,0,82.7311,"2025-01-12T05:23:55.840Z",4.2685
"Medidor 4 - ICAS","Corriente L3","A",13.77464840674849,0,82.7311,"2025-01-12T05:24:55.881Z",4.4412
"Medidor 4 - ICAS","Corriente L3","A",13.77464840674849,0,82.7311,"2025-01-12T05:25:55.988Z",5.4638
"Medidor 4 - ICAS","Corriente L3","A",13.77464840674849,0,82.7311,"2025-01-12T05:26:56.101Z",7.8055
"Medidor 4 - ICAS","Corriente L3","A",13.77464840674849,0,82.7311,"2025-01-12T05:27:56.120Z",5.4107
"Medidor 4 - ICAS","Corriente L3","A",13.77464840674849,0,82.7311,"2025-01-12T05:28:56.225Z",5.4367
"Medidor 4 - ICAS","Corriente L3","A",13.77464840674849,0,82.7311,"2025-01-12T05:29:56.336Z",4.4523
"Medidor 4 - ICAS","Corriente L3","A",13.77464840674849,0,82.7311,"2025-01-12T05:30:56.429Z",4.4658
"Medidor 4 - ICAS","Corriente L3","A",13.77464840674849,0,82.7311,"2025-01-12T05:31:56.535Z",5.506
"Medidor 4 - ICAS","Corriente L3","A",13.77464840674849,0,82.7311,"2025-01-12T05:32:56.652Z",4.4867
"Medidor 4 - ICAS","Corriente L3","A",13.77464840674849,0,82.7311,"2025-01-12T05:33:56.768Z",4.43
"Medidor 4 - ICAS","Corriente L3","A",13.77464840674849,0,82.7311,"2025-01-12T05:34:56.879Z",4.5046
"Medidor 4 - ICAS","Corriente L3","A",13.77464840674849,0,82.7311,"2025-01-12T05:35:56.946Z",4.4541
"Medidor 4 - ICAS","Corriente L3","A",13.77464840674849,0,82.7311,"2025-01-12T05:36:57.059Z",4.4558
"Medidor 4 - ICAS","Corriente L3","A",13.77464840674849,0,82.7311,"2025-01-12T05:37:57.163Z",4.4384
"Medidor 4 - ICAS","Corriente L3","A",13.77464840674849,0,82.7311,"2025-01-12T05:38:57.252Z",4.4607
"Medidor 4 - ICAS","Corriente L3","A",13.77464840674849,0,82.7311,"2025-01-12T05:39:57.306Z",4.4832
"Medidor 4 - ICAS","Corriente L3","A",13.77464840674849,0,82.7311,"2025-01-12T05:40:57.386Z",5.5733
"Medidor 4 - ICAS","Corriente L3","A",13.77464840674849,0,82.7311,"2025-01-12T05:41:57.471Z",4.4519
"Medidor 4 - ICAS","Corriente L3","A",13.77464840674849,0,82.7311,"2025-01-12T05:42:57.560Z",4.4096
"Medidor 4 - ICAS","Corriente L3","A",13.77464840674849,0,82.7311,"2025-01-12T05:43:57.678Z",4.3867
"Medidor 4 - ICAS","Corriente L3","A",13.77464840674849,0,82.7311,"2025-01-12T05:44:57.782Z",5.4858
"Medidor 4 - ICAS","Corriente L3","A",13.77464840674849,0,82.7311,"2025-01-12T05:45:57.906Z",6.6636
"Medidor 4 - ICAS","Corriente L3","A",13.77464840674849,0,82.7311,"2025-01-12T05:46:57.944Z",6.6279
"Medidor 4 - ICAS","Corriente L3","A",13.77464840674849,0,82.7311,"2025-01-12T05:47:58.043Z",6.5808
"Medidor 4 - ICAS","Corriente L3","A",13.77464840674849,0,82.7311,"2025-01-12T05:48:58.141Z",4.3644
"Medidor 4 - ICAS","Corriente L3","A",13.77464840674849,0,82.7311,"2025-01-12T05:49:58.234Z",4.3711
"Medidor 4 - ICAS","Corriente L3","A",13.77464840674849,0,82.7311,"2025-01-12T05:50:58.297Z",5.5062
"Medidor 4 - ICAS","Corriente L3","A",13.77464840674849,0,82.7311,"2025-01-12T05:51:58.396Z",5.4642
"Medidor 4 - ICAS","Corriente L3","A",13.77464840674849,0,82.7311,"2025-01-12T05:52:58.476Z",4.3681
"Medidor 4 - ICAS","Corriente L3","A",13.77464840674849,0,82.7311,"2025-01-12T05:53:58.521Z",4.3777
"Medidor 4 - ICAS","Corriente L3","A",13.77464840674849,0,82.7311,"2025-01-12T05:54:58.590Z",5.4771
"Medidor 4 - ICAS","Corriente L3","A",13.77464840674849,0,82.7311,"2025-01-12T05:55:58.668Z",4.3645
"Medidor 4 - ICAS","Corriente L3","A",13.77464840674849,0,82.7311,"2025-01-12T05:56:58.717Z",4.4269
"Medidor 4 - ICAS","Corriente L3","A",13.77464840674849,0,82.7311,"2025-01-12T05:57:58.867Z",4.3699
"Medidor 4 - ICAS","Corriente L3","A",13.77464840674849,0,82.7311,"2025-01-12T05:58:58.952Z",4.4012
"Medidor 4 - ICAS","Corriente L3","A",13.77464840674849,0,82.7311,"2025-01-12T05:59:59.041Z",4.3518
"Medidor 4 - ICAS","Corriente L3","A",13.77464840674849,0,82.7311,"2025-01-12T06:00:59.137Z",5.4005
"Medidor 4 - ICAS","Corriente L3","A",13.77464840674849,0,82.7311,"2025-01-12T06:01:59.265Z",5.3769
"Medidor 4 - ICAS","Corriente L3","A",13.77464840674849,0,82.7311,"2025-01-12T06:02:59.358Z",5.4217
"Medidor 4 - ICAS","Corriente L3","A",13.77464840674849,0,82.7311,"2025-01-12T06:03:59.420Z",5.5506
"Medidor 4 - ICAS","Corriente L3","A",13.77464840674849,0,82.7311,"2025-01-12T06:04:59.531Z",4.3194
"Medidor 4 - ICAS","Corriente L3","A",13.77464840674849,0,82.7311,"2025-01-12T06:05:59.642Z",4.3346
"Medidor 4 - ICAS","Corriente L3","A",13.77464840674849,0,82.7311,"2025-01-12T06:06:59.693Z",4.3313
"Medidor 4 - ICAS","Corriente L3","A",13.77464840674849,0,82.7311,"2025-01-12T06:07:59.830Z",4.3176
"Medidor 4 - ICAS","Corriente L3","A",13.77464840674849,0,82.7311,"2025-01-12T06:08:59.902Z",5.4774
"Medidor 4 - ICAS","Corriente L3","A",13.77464840674849,0,82.7311,"2025-01-12T06:09:59.981Z",6.7349
"Medidor 4 - ICAS","Corriente L3","A",13.77464840674849,0,82.7311,"2025-01-12T06:11:00.091Z",5.4763
"Medidor 4 - ICAS","Corriente L3","A",13.77464840674849,0,82.7311,"2025-01-12T06:12:00.213Z",5.5017
"Medidor 4 - ICAS","Corriente L3","A",13.77464840674849,0,82.7311,"2025-01-12T06:13:00.258Z",4.3207
"Medidor 4 - ICAS","Corriente L3","A",13.77464840674849,0,82.7311,"2025-01-12T06:14:00.422Z",4.3791
"Medidor 4 - ICAS","Corriente L3","A",13.77464840674849,0,82.7311,"2025-01-12T06:15:00.460Z",4.3592
"Medidor 4 - ICAS","Corriente L3","A",13.77464840674849,0,82.7311,"2025-01-12T06:16:00.503Z",4.4067
"Medidor 4 - ICAS","Corriente L3","A",13.77464840674849,0,82.7311,"2025-01-12T06:17:00.607Z",4.3723
"Medidor 4 - ICAS","Corriente L3","A",13.77464840674849,0,82.7311,"2025-01-12T06:18:00.673Z",5.6126
"Medidor 4 - ICAS","Corriente L3","A",13.77464840674849,0,82.7311,"2025-01-12T06:19:00.801Z",4.4735
"Medidor 4 - ICAS","Corriente L3","A",13.77464840674849,0,82.7311,"2025-01-12T06:20:00.808Z",4.4658
"Medidor 4 - ICAS","Corriente L3","A",13.77464840674849,0,82.7311,"2025-01-12T06:21:00.922Z",5.7337
"Medidor 4 - ICAS","Corriente L3","A",13.77464840674849,0,82.7311,"2025-01-12T06:22:01.011Z",5.829
"Medidor 4 - ICAS","Corriente L3","A",13.77464840674849,0,82.7311,"2025-01-12T06:23:01.084Z",4.6286
"Medidor 4 - ICAS","Corriente L3","A",13.77464840674849,0,82.7311,"2025-01-12T06:24:01.168Z",4.5845
"Medidor 4 - ICAS","Corriente L3","A",13.77464840674849,0,82.7311,"2025-01-12T06:25:01.254Z",4.5536
"Medidor 4 - ICAS","Corriente L3","A",13.77464840674849,0,82.7311,"2025-01-12T06:26:01.354Z",4.5116
"Medidor 4 - ICAS","Corriente L3","A",13.77464840674849,0,82.7311,"2025-01-12T06:27:01.402Z",5.7713
"Medidor 4 - ICAS","Corriente L3","A",13.77464840674849,0,82.7311,"2025-01-12T06:28:01.480Z",4.4842
"Medidor 4 - ICAS","Corriente L3","A",13.77464840674849,0,82.7311,"2025-01-12T06:29:01.608Z",4.4928
"Medidor 4 - ICAS","Corriente L3","A",13.77464840674849,0,82.7311,"2025-01-12T06:30:01.685Z",4.4594
"Medidor 4 - ICAS","Corriente L3","A",13.77464840674849,0,82.7311,"2025-01-12T06:31:01.819Z",5.6903
"Medidor 4 - ICAS","Corriente L3","A",13.77464840674849,0,82.7311,"2025-01-12T06:32:01.855Z",4.5033
"Medidor 4 - ICAS","Corriente L3","A",13.77464840674849,0,82.7311,"2025-01-12T06:33:01.980Z",4.4405
"Medidor 4 - ICAS","Corriente L3","A",13.77464840674849,0,82.7311,"2025-01-12T06:34:02.069Z",4.5197
"Medidor 4 - ICAS","Corriente L3","A",13.77464840674849,0,82.7311,"2025-01-12T06:35:02.184Z",4.4949
"Medidor 4 - ICAS","Corriente L3","A",13.77464840674849,0,82.7311,"2025-01-12T06:36:02.248Z",6.9567
"Medidor 4 - ICAS","Corriente L3","A",13.77464840674849,0,82.7311,"2025-01-12T06:37:02.391Z",5.6346
"Medidor 4 - ICAS","Corriente L3","A",13.77464840674849,0,82.7311,"2025-01-12T06:38:02.448Z",5.6515
"Medidor 4 - ICAS","Corriente L3","A",13.77464840674849,0,82.7311,"2025-01-12T06:39:02.540Z",4.4727
"Medidor 4 - ICAS","Corriente L3","A",13.77464840674849,0,82.7311,"2025-01-12T06:40:02.652Z",7.0202
"Medidor 4 - ICAS","Corriente L3","A",13.77464840674849,0,82.7311,"2025-01-12T06:41:02.656Z",5.7078
"Medidor 4 - ICAS","Corriente L3","A",13.77464840674849,0,82.7311,"2025-01-12T06:42:02.773Z",5.7441
"Medidor 4 - ICAS","Corriente L3","A",13.77464840674849,0,82.7311,"2025-01-12T06:43:02.835Z",4.4594
"Medidor 4 - ICAS","Corriente L3","A",13.77464840674849,0,82.7311,"2025-01-12T06:44:02.931Z",4.4581
"Medidor 4 - ICAS","Corriente L3","A",13.77464840674849,0,82.7311,"2025-01-12T06:45:03.084Z",5.7046
"Medidor 4 - ICAS","Corriente L3","A",13.77464840674849,0,82.7311,"2025-01-12T06:46:03.100Z",5.8107
"Medidor 4 - ICAS","Corriente L3","A",13.77464840674849,0,82.7311,"2025-01-12T06:47:03.227Z",4.5896
"Medidor 4 - ICAS","Corriente L3","A",13.77464840674849,0,82.7311,"2025-01-12T06:48:03.244Z",4.5456
"Medidor 4 - ICAS","Corriente L3","A",13.77464840674849,0,82.7311,"2025-01-12T06:49:03.362Z",5.9111
"Medidor 4 - ICAS","Corriente L3","A",13.77464840674849,0,82.7311,"2025-01-12T06:50:03.466Z",4.6045
"Medidor 4 - ICAS","Corriente L3","A",13.77464840674849,0,82.7311,"2025-01-12T06:51:03.543Z",4.5308
"Medidor 4 - ICAS","Corriente L3","A",13.77464840674849,0,82.7311,"2025-01-12T06:52:03.682Z",4.6079
"Medidor 4 - ICAS","Corriente L3","A",13.77464840674849,0,82.7311,"2025-01-12T06:53:03.773Z",4.5815
"Medidor 4 - ICAS","Corriente L3","A",13.77464840674849,0,82.7311,"2025-01-12T06:54:03.805Z",4.5591
"Medidor 4 - ICAS","Corriente L3","A",13.77464840674849,0,82.7311,"2025-01-12T06:55:03.919Z",4.549
"Medidor 4 - ICAS","Corriente L3","A",13.77464840674849,0,82.7311,"2025-01-12T06:56:04.032Z",4.5156
"Medidor 4 - ICAS","Corriente L3","A",13.77464840674849,0,82.7311,"2025-01-12T06:57:04.109Z",4.5152
"Medidor 4 - ICAS","Corriente L3","A",13.77464840674849,0,82.7311,"2025-01-12T06:58:04.234Z",5.8333
"Medidor 4 - ICAS","Corriente L3","A",13.77464840674849,0,82.7311,"2025-01-12T06:59:04.300Z",4.4951
"Medidor 4 - ICAS","Corriente L3","A",13.77464840674849,0,82.7311,"2025-01-12T07:00:04.328Z",5.7884
"Medidor 4 - ICAS","Corriente L3","A",13.77464840674849,0,82.7311,"2025-01-12T07:01:04.464Z",5.7428
"Medidor 4 - ICAS","Corriente L3","A",13.77464840674849,0,82.7311,"2025-01-12T07:02:04.566Z",4.3613
"Medidor 4 - ICAS","Corriente L3","A",13.77464840674849,0,82.7311,"2025-01-12T07:03:04.648Z",4.315
"Medidor 4 - ICAS","Corriente L3","A",13.77464840674849,0,82.7311,"2025-01-12T07:04:04.752Z",4.3744
"Medidor 4 - ICAS","Corriente L3","A",13.77464840674849,0,82.7311,"2025-01-12T07:05:04.845Z",4.3132
"Medidor 4 - ICAS","Corriente L3","A",13.77464840674849,0,82.7311,"2025-01-12T07:06:04.932Z",4.4027
"Medidor 4 - ICAS","Corriente L3","A",13.77464840674849,0,82.7311,"2025-01-12T07:07:05.017Z",5.602
"Medidor 4 - ICAS","Corriente L3","A",13.77464840674849,0,82.7311,"2025-01-12T07:08:05.025Z",4.3155
"Medidor 4 - ICAS","Corriente L3","A",13.77464840674849,0,82.7311,"2025-01-12T07:09:05.182Z",4.331
"Medidor 4 - ICAS","Corriente L3","A",13.77464840674849,0,82.7311,"2025-01-12T07:10:05.224Z",4.3337
"Medidor 4 - ICAS","Corriente L3","A",13.77464840674849,0,82.7311,"2025-01-12T07:11:05.320Z",6.8749
"Medidor 4 - ICAS","Corriente L3","A",13.77464840674849,0,82.7311,"2025-01-12T07:12:05.415Z",5.5659
"Medidor 4 - ICAS","Corriente L3","A",13.77464840674849,0,82.7311,"2025-01-12T07:13:05.517Z",4.42
"Medidor 4 - ICAS","Corriente L3","A",13.77464840674849,0,82.7311,"2025-01-12T07:14:05.571Z",4.1999
"Medidor 4 - ICAS","Corriente L3","A",13.77464840674849,0,82.7311,"2025-01-12T07:15:05.663Z",5.3635
"Medidor 4 - ICAS","Corriente L3","A",13.77464840674849,0,82.7311,"2025-01-12T07:16:05.795Z",5.3286
"Medidor 4 - ICAS","Corriente L3","A",13.77464840674849,0,82.7311,"2025-01-12T07:17:05.866Z",5.3488
"Medidor 4 - ICAS","Corriente L3","A",13.77464840674849,0,82.7311,"2025-01-12T07:18:05.966Z",4.216
"Medidor 4 - ICAS","Corriente L3","A",13.77464840674849,0,82.7311,"2025-01-12T07:19:06.059Z",4.2089
"Medidor 4 - ICAS","Corriente L3","A",13.77464840674849,0,82.7311,"2025-01-12T07:20:06.166Z",5.3974
"Medidor 4 - ICAS","Corriente L3","A",13.77464840674849,0,82.7311,"2025-01-12T07:21:06.196Z",4.1629
"Medidor 4 - ICAS","Corriente L3","A",13.77464840674849,0,82.7311,"2025-01-12T07:22:06.327Z",4.2065
"Medidor 4 - ICAS","Corriente L3","A",13.77464840674849,0,82.7311,"2025-01-12T07:23:06.371Z",5.3209
"Medidor 4 - ICAS","Corriente L3","A",13.77464840674849,0,82.7311,"2025-01-12T07:24:06.524Z",5.317
"Medidor 4 - ICAS","Corriente L3","A",13.77464840674849,0,82.7311,"2025-01-12T07:25:06.602Z",4.2355
"Medidor 4 - ICAS","Corriente L3","A",13.77464840674849,0,82.7311,"2025-01-12T07:26:06.734Z",4.1627
"Medidor 4 - ICAS","Corriente L3","A",13.77464840674849,0,82.7311,"2025-01-12T07:27:06.791Z",4.1786
"Medidor 4 - ICAS","Corriente L3","A",13.77464840674849,0,82.7311,"2025-01-12T07:28:06.886Z",4.246
"Medidor 4 - ICAS","Corriente L3","A",13.77464840674849,0,82.7311,"2025-01-12T07:29:07.027Z",4.233
"Medidor 4 - ICAS","Corriente L3","A",13.77464840674849,0,82.7311,"2025-01-12T07:30:07.101Z",5.2829
"Medidor 4 - ICAS","Corriente L3","A",13.77464840674849,0,82.7311,"2025-01-12T07:31:07.187Z",5.2931
"Medidor 4 - ICAS","Corriente L3","A",13.77464840674849,0,82.7311,"2025-01-12T07:32:07.252Z",5.3622
"Medidor 4 - ICAS","Corriente L3","A",13.77464840674849,0,82.7311,"2025-01-12T07:33:07.384Z",5.3108
"Medidor 4 - ICAS","Corriente L3","A",13.77464840674849,0,82.7311,"2025-01-12T07:34:07.509Z",5.2804
"Medidor 4 - ICAS","Corriente L3","A",13.77464840674849,0,82.7311,"2025-01-12T07:35:07.574Z",5.2678
"Medidor 4 - ICAS","Corriente L3","A",13.77464840674849,0,82.7311,"2025-01-12T07:36:07.667Z",4.2813
"Medidor 4 - ICAS","Corriente L3","A",13.77464840674849,0,82.7311,"2025-01-12T07:37:07.784Z",5.3134
"Medidor 4 - ICAS","Corriente L3","A",13.77464840674849,0,82.7311,"2025-01-12T07:38:07.885Z",4.2451
"Medidor 4 - ICAS","Corriente L3","A",13.77464840674849,0,82.7311,"2025-01-12T07:39:07.964Z",4.2586
"Medidor 4 - ICAS","Corriente L3","A",13.77464840674849,0,82.7311,"2025-01-12T07:40:08.092Z",4.4061
"Medidor 4 - ICAS","Corriente L3","A",13.77464840674849,0,82.7311,"2025-01-12T07:41:08.164Z",4.3659
"Medidor 4 - ICAS","Corriente L3","A",13.77464840674849,0,82.7311,"2025-01-12T07:42:08.206Z",4.3552
"Medidor 4 - ICAS","Corriente L3","A",13.77464840674849,0,82.7311,"2025-01-12T07:43:08.375Z",4.3996
"Medidor 4 - ICAS","Corriente L3","A",13.77464840674849,0,82.7311,"2025-01-12T07:44:08.421Z",4.3931
"Medidor 4 - ICAS","Corriente L3","A",13.77464840674849,0,82.7311,"2025-01-12T07:45:08.501Z",4.3706
"Medidor 4 - ICAS","Corriente L3","A",13.77464840674849,0,82.7311,"2025-01-12T07:46:08.595Z",5.443
"Medidor 4 - ICAS","Corriente L3","A",13.77464840674849,0,82.7311,"2025-01-12T07:47:08.685Z",4.3242
"Medidor 4 - ICAS","Corriente L3","A",13.77464840674849,0,82.7311,"2025-01-12T07:48:08.792Z",4.3751
"Medidor 4 - ICAS","Corriente L3","A",13.77464840674849,0,82.7311,"2025-01-12T07:49:08.903Z",5.4203
"Medidor 4 - ICAS","Corriente L3","A",13.77464840674849,0,82.7311,"2025-01-12T07:50:08.990Z",6.6117
"Medidor 4 - ICAS","Corriente L3","A",13.77464840674849,0,82.7311,"2025-01-12T07:51:09.046Z",5.3666
"Medidor 4 - ICAS","Corriente L3","A",13.77464840674849,0,82.7311,"2025-01-12T07:52:09.142Z",5.3586
"Medidor 4 - ICAS","Corriente L3","A",13.77464840674849,0,82.7311,"2025-01-12T07:53:09.263Z",4.3473
"Medidor 4 - ICAS","Corriente L3","A",13.77464840674849,0,82.7311,"2025-01-12T07:54:09.332Z",5.4064
"Medidor 4 - ICAS","Corriente L3","A",13.77464840674849,0,82.7311,"2025-01-12T07:55:09.431Z",4.3298
"Medidor 4 - ICAS","Corriente L3","A",13.77464840674849,0,82.7311,"2025-01-12T07:56:09.568Z",5.3542
"Medidor 4 - ICAS","Corriente L3","A",13.77464840674849,0,82.7311,"2025-01-12T07:57:09.622Z",5.3696
"Medidor 4 - ICAS","Corriente L3","A",13.77464840674849,0,82.7311,"2025-01-12T07:58:09.770Z",4.3278
"Medidor 4 - ICAS","Corriente L3","A",13.77464840674849,0,82.7311,"2025-01-12T07:59:09.870Z",4.326
"Medidor 4 - ICAS","Corriente L3","A",13.77464840674849,0,82.7311,"2025-01-12T08:00:09.948Z",4.3457
"Medidor 4 - ICAS","Corriente L3","A",13.77464840674849,0,82.7311,"2025-01-12T08:01:10.034Z",4.3091
"Medidor 4 - ICAS","Corriente L3","A",13.77464840674849,0,82.7311,"2025-01-12T08:02:10.106Z",4.3059
"Medidor 4 - ICAS","Corriente L3","A",13.77464840674849,0,82.7311,"2025-01-12T08:03:10.191Z",5.4585
"Medidor 4 - ICAS","Corriente L3","A",13.77464840674849,0,82.7311,"2025-01-12T08:04:10.310Z",4.3508
"Medidor 4 - ICAS","Corriente L3","A",13.77464840674849,0,82.7311,"2025-01-12T08:05:10.393Z",4.323
"Medidor 4 - ICAS","Corriente L3","A",13.77464840674849,0,82.7311,"2025-01-12T08:06:10.492Z",4.3398
"Medidor 4 - ICAS","Corriente L3","A",13.77464840674849,0,82.7311,"2025-01-12T08:07:10.641Z",5.403
"Medidor 4 - ICAS","Corriente L3","A",13.77464840674849,0,82.7311,"2025-01-12T08:08:10.714Z",4.3683
"Medidor 4 - ICAS","Corriente L3","A",13.77464840674849,0,82.7311,"2025-01-12T08:09:10.851Z",4.314
"Medidor 4 - ICAS","Corriente L3","A",13.77464840674849,0,82.7311,"2025-01-12T08:10:10.896Z",4.3996
"Medidor 4 - ICAS","Corriente L3","A",13.77464840674849,0,82.7311,"2025-01-12T08:11:10.978Z",5.4198
"Medidor 4 - ICAS","Corriente L3","A",13.77464840674849,0,82.7311,"2025-01-12T08:12:11.067Z",4.3096
"Medidor 4 - ICAS","Corriente L3","A",13.77464840674849,0,82.7311,"2025-01-12T08:13:11.165Z",4.3224
"Medidor 4 - ICAS","Corriente L3","A",13.77464840674849,0,82.7311,"2025-01-12T08:14:11.232Z",5.3854
"Medidor 4 - ICAS","Corriente L3","A",13.77464840674849,0,82.7311,"2025-01-12T08:15:11.380Z",6.573
"Medidor 4 - ICAS","Corriente L3","A",13.77464840674849,0,82.7311,"2025-01-12T08:16:11.467Z",4.3512
"Medidor 4 - ICAS","Corriente L3","A",13.77464840674849,0,82.7311,"2025-01-12T08:17:11.549Z",4.3438
"Medidor 4 - ICAS","Corriente L3","A",13.77464840674849,0,82.7311,"2025-01-12T08:18:11.651Z",4.3719
"Medidor 4 - ICAS","Corriente L3","A",13.77464840674849,0,82.7311,"2025-01-12T08:19:11.704Z",6.5631
"Medidor 4 - ICAS","Corriente L3","A",13.77464840674849,0,82.7311,"2025-01-12T08:20:11.769Z",6.5328
"Medidor 4 - ICAS","Corriente L3","A",13.77464840674849,0,82.7311,"2025-01-12T08:21:11.883Z",6.5284
"Medidor 4 - ICAS","Corriente L3","A",13.77464840674849,0,82.7311,"2025-01-12T08:22:11.983Z",5.3573
"Medidor 4 - ICAS","Corriente L3","A",13.77464840674849,0,82.7311,"2025-01-12T08:23:12.043Z",5.39
"Medidor 4 - ICAS","Corriente L3","A",13.77464840674849,0,82.7311,"2025-01-12T08:24:12.172Z",4.3261
"Medidor 4 - ICAS","Corriente L3","A",13.77464840674849,0,82.7311,"2025-01-12T08:25:12.216Z",4.4031
"Medidor 4 - ICAS","Corriente L3","A",13.77464840674849,0,82.7311,"2025-01-12T08:26:12.352Z",4.4075
"Medidor 4 - ICAS","Corriente L3","A",13.77464840674849,0,82.7311,"2025-01-12T08:27:12.376Z",4.3966
"Medidor 4 - ICAS","Corriente L3","A",13.77464840674849,0,82.7311,"2025-01-12T08:28:12.502Z",5.4952
"Medidor 4 - ICAS","Corriente L3","A",13.77464840674849,0,82.7311,"2025-01-12T08:29:12.544Z",4.4241
"Medidor 4 - ICAS","Corriente L3","A",13.77464840674849,0,82.7311,"2025-01-12T08:30:12.650Z",4.4176
"Medidor 4 - ICAS","Corriente L3","A",13.77464840674849,0,82.7311,"2025-01-12T08:31:12.706Z",4.4043
"Medidor 4 - ICAS","Corriente L3","A",13.77464840674849,0,82.7311,"2025-01-12T08:32:12.805Z",5.4443
"Medidor 4 - ICAS","Corriente L3","A",13.77464840674849,0,82.7311,"2025-01-12T08:33:12.890Z",4.4448
"Medidor 4 - ICAS","Corriente L3","A",13.77464840674849,0,82.7311,"2025-01-12T08:34:12.940Z",4.423
"Medidor 4 - ICAS","Corriente L3","A",13.77464840674849,0,82.7311,"2025-01-12T08:35:12.991Z",4.4088
"Medidor 4 - ICAS","Corriente L3","A",13.77464840674849,0,82.7311,"2025-01-12T08:36:13.101Z",6.5716
"Medidor 4 - ICAS","Corriente L3","A",13.77464840674849,0,82.7311,"2025-01-12T08:37:13.154Z",4.4102
"Medidor 4 - ICAS","Corriente L3","A",13.77464840674849,0,82.7311,"2025-01-12T08:38:13.250Z",4.405
"Medidor 4 - ICAS","Corriente L3","A",13.77464840674849,0,82.7311,"2025-01-12T08:39:13.410Z",4.4394
"Medidor 4 - ICAS","Corriente L3","A",13.77464840674849,0,82.7311,"2025-01-12T08:40:13.464Z",5.4516
"Medidor 4 - ICAS","Corriente L3","A",13.77464840674849,0,82.7311,"2025-01-12T08:41:13.554Z",4.4361
"Medidor 4 - ICAS","Corriente L3","A",13.77464840674849,0,82.7311,"2025-01-12T08:42:13.697Z",4.4249
"Medidor 4 - ICAS","Corriente L3","A",13.77464840674849,0,82.7311,"2025-01-12T08:43:13.777Z",5.4179
"Medidor 4 - ICAS","Corriente L3","A",13.77464840674849,0,82.7311,"2025-01-12T08:44:13.906Z",5.4077
"Medidor 4 - ICAS","Corriente L3","A",13.77464840674849,0,82.7311,"2025-01-12T08:45:13.952Z",4.3646
"Medidor 4 - ICAS","Corriente L3","A",13.77464840674849,0,82.7311,"2025-01-12T08:46:14.076Z",4.3629
"Medidor 4 - ICAS","Corriente L3","A",13.77464840674849,0,82.7311,"2025-01-12T08:47:14.164Z",4.3336
"Medidor 4 - ICAS","Corriente L3","A",13.77464840674849,0,82.7311,"2025-01-12T08:48:14.251Z",4.322
"Medidor 4 - ICAS","Corriente L3","A",13.77464840674849,0,82.7311,"2025-01-12T08:49:14.328Z",5.4357
"Medidor 4 - ICAS","Corriente L3","A",13.77464840674849,0,82.7311,"2025-01-12T08:50:14.394Z",4.3333
"Medidor 4 - ICAS","Corriente L3","A",13.77464840674849,0,82.7311,"2025-01-12T08:51:14.485Z",4.3226
"Medidor 4 - ICAS","Corriente L3","A",13.77464840674849,0,82.7311,"2025-01-12T08:52:14.590Z",4.3301
"Medidor 4 - ICAS","Corriente L3","A",13.77464840674849,0,82.7311,"2025-01-12T08:53:14.710Z",5.4387
"Medidor 4 - ICAS","Corriente L3","A",13.77464840674849,0,82.7311,"2025-01-12T08:54:14.756Z",4.319
"Medidor 4 - ICAS","Corriente L3","A",13.77464840674849,0,82.7311,"2025-01-12T08:55:14.825Z",4.3461
"Medidor 4 - ICAS","Corriente L3","A",13.77464840674849,0,82.7311,"2025-01-12T08:56:14.907Z",4.3187
"Medidor 4 - ICAS","Corriente L3","A",13.77464840674849,0,82.7311,"2025-01-12T08:57:15.012Z",5.3623
"Medidor 4 - ICAS","Corriente L3","A",13.77464840674849,0,82.7311,"2025-01-12T08:58:15.093Z",5.3178
"Medidor 4 - ICAS","Corriente L3","A",13.77464840674849,0,82.7311,"2025-01-12T08:59:15.207Z",6.4869
"Medidor 4 - ICAS","Corriente L3","A",13.77464840674849,0,82.7311,"2025-01-12T09:00:15.332Z",4.3069
"Medidor 4 - ICAS","Corriente L3","A",13.77464840674849,0,82.7311,"2025-01-12T09:01:15.414Z",4.3536
"Medidor 4 - ICAS","Corriente L3","A",13.77464840674849,0,82.7311,"2025-01-12T09:02:15.517Z",4.2696
"Medidor 4 - ICAS","Corriente L3","A",13.77464840674849,0,82.7311,"2025-01-12T09:03:15.606Z",4.2744
"Medidor 4 - ICAS","Corriente L3","A",13.77464840674849,0,82.7311,"2025-01-12T09:04:15.708Z",4.2952
"Medidor 4 - ICAS","Corriente L3","A",13.77464840674849,0,82.7311,"2025-01-12T09:05:15.800Z",4.3217
"Medidor 4 - ICAS","Corriente L3","A",13.77464840674849,0,82.7311,"2025-01-12T09:06:15.888Z",5.4049
"Medidor 4 - ICAS","Corriente L3","A",13.77464840674849,0,82.7311,"2025-01-12T09:07:15.990Z",5.395
"Medidor 4 - ICAS","Corriente L3","A",13.77464840674849,0,82.7311,"2025-01-12T09:08:16.084Z",4.3407
"Medidor 4 - ICAS","Corriente L3","A",13.77464840674849,0,82.7311,"2025-01-12T09:09:16.204Z",5.4952
"Medidor 4 - ICAS","Corriente L3","A",13.77464840674849,0,82.7311,"2025-01-12T09:10:16.277Z",6.6967
"Medidor 4 - ICAS","Corriente L3","A",13.77464840674849,0,82.7311,"2025-01-12T09:11:16.419Z",5.447
"Medidor 4 - ICAS","Corriente L3","A",13.77464840674849,0,82.7311,"2025-01-12T09:12:16.533Z",4.2823
"Medidor 4 - ICAS","Corriente L3","A",13.77464840674849,0,82.7311,"2025-01-12T09:13:16.550Z",4.3872
"Medidor 4 - ICAS","Corriente L3","A",13.77464840674849,0,82.7311,"2025-01-12T09:14:16.633Z",5.5175
"Medidor 4 - ICAS","Corriente L3","A",13.77464840674849,0,82.7311,"2025-01-12T09:15:16.637Z",4.3298
"Medidor 4 - ICAS","Corriente L3","A",13.77464840674849,0,82.7311,"2025-01-12T09:16:16.807Z",4.3394
"Medidor 4 - ICAS","Corriente L3","A",13.77464840674849,0,82.7311,"2025-01-12T09:17:16.884Z",4.3204
"Medidor 4 - ICAS","Corriente L3","A",13.77464840674849,0,82.7311,"2025-01-12T09:18:16.935Z",5.5256
"Medidor 4 - ICAS","Corriente L3","A",13.77464840674849,0,82.7311,"2025-01-12T09:19:17.042Z",4.3845
"Medidor 4 - ICAS","Corriente L3","A",13.77464840674849,0,82.7311,"2025-01-12T09:20:17.095Z",4.3617
"Medidor 4 - ICAS","Corriente L3","A",13.77464840674849,0,82.7311,"2025-01-12T09:21:17.196Z",4.3767
"Medidor 4 - ICAS","Corriente L3","A",13.77464840674849,0,82.7311,"2025-01-12T09:22:17.310Z",4.3436
"Medidor 4 - ICAS","Corriente L3","A",13.77464840674849,0,82.7311,"2025-01-12T09:23:17.376Z",4.3916
"Medidor 4 - ICAS","Corriente L3","A",13.77464840674849,0,82.7311,"2025-01-12T09:24:17.478Z",5.4897
"Medidor 4 - ICAS","Corriente L3","A",13.77464840674849,0,82.7311,"2025-01-12T09:25:17.532Z",5.4864
"Medidor 4 - ICAS","Corriente L3","A",13.77464840674849,0,82.7311,"2025-01-12T09:26:17.630Z",4.362
"Medidor 4 - ICAS","Corriente L3","A",13.77464840674849,0,82.7311,"2025-01-12T09:27:17.713Z",5.5093
"Medidor 4 - ICAS","Corriente L3","A",13.77464840674849,0,82.7311,"2025-01-12T09:28:17.782Z",4.336
"Medidor 4 - ICAS","Corriente L3","A",13.77464840674849,0,82.7311,"2025-01-12T09:29:17.895Z",5.4113
"Medidor 4 - ICAS","Corriente L3","A",13.77464840674849,0,82.7311,"2025-01-12T09:30:18.008Z",5.322
"Medidor 4 - ICAS","Corriente L3","A",13.77464840674849,0,82.7311,"2025-01-12T09:31:18.075Z",5.4622
"Medidor 4 - ICAS","Corriente L3","A",13.77464840674849,0,82.7311,"2025-01-12T09:32:18.152Z",4.3585
"Medidor 4 - ICAS","Corriente L3","A",13.77464840674849,0,82.7311,"2025-01-12T09:33:18.209Z",5.4811
"Medidor 4 - ICAS","Corriente L3","A",13.77464840674849,0,82.7311,"2025-01-12T09:34:18.323Z",5.4564
"Medidor 4 - ICAS","Corriente L3","A",13.77464840674849,0,82.7311,"2025-01-12T09:35:18.450Z",6.7016
"Medidor 4 - ICAS","Corriente L3","A",13.77464840674849,0,82.7311,"2025-01-12T09:36:18.516Z",4.3497
"Medidor 4 - ICAS","Corriente L3","A",13.77464840674849,0,82.7311,"2025-01-12T09:37:18.575Z",4.3078
"Medidor 4 - ICAS","Corriente L3","A",13.77464840674849,0,82.7311,"2025-01-12T09:38:18.629Z",4.2125
"Medidor 4 - ICAS","Corriente L3","A",13.77464840674849,0,82.7311,"2025-01-12T09:39:18.725Z",5.4233
"Medidor 4 - ICAS","Corriente L3","A",13.77464840674849,0,82.7311,"2025-01-12T09:40:18.754Z",4.2723
"Medidor 4 - ICAS","Corriente L3","A",13.77464840674849,0,82.7311,"2025-01-12T09:41:18.917Z",4.2079
"Medidor 4 - ICAS","Corriente L3","A",13.77464840674849,0,82.7311,"2025-01-12T09:42:18.996Z",4.2209
"Medidor 4 - ICAS","Corriente L3","A",13.77464840674849,0,82.7311,"2025-01-12T09:43:19.105Z",4.2094
"Medidor 4 - ICAS","Corriente L3","A",13.77464840674849,0,82.7311,"2025-01-12T09:44:19.168Z",4.1641
"Medidor 4 - ICAS","Corriente L3","A",13.77464840674849,0,82.7311,"2025-01-12T09:45:19.297Z",4.1923
"Medidor 4 - ICAS","Corriente L3","A",13.77464840674849,0,82.7311,"2025-01-12T09:46:19.409Z",4.1836
"Medidor 4 - ICAS","Corriente L3","A",13.77464840674849,0,82.7311,"2025-01-12T09:47:19.504Z",4.1794
"Medidor 4 - ICAS","Corriente L3","A",13.77464840674849,0,82.7311,"2025-01-12T09:48:19.584Z",4.1916
"Medidor 4 - ICAS","Corriente L3","A",13.77464840674849,0,82.7311,"2025-01-12T09:49:19.672Z",5.449
"Medidor 4 - ICAS","Corriente L3","A",13.77464840674849,0,82.7311,"2025-01-12T09:50:19.778Z",4.2377
"Medidor 4 - ICAS","Corriente L3","A",13.77464840674849,0,82.7311,"2025-01-12T09:51:19.897Z",4.1974
"Medidor 4 - ICAS","Corriente L3","A",13.77464840674849,0,82.7311,"2025-01-12T09:52:19.987Z",5.4198
"Medidor 4 - ICAS","Corriente L3","A",13.77464840674849,0,82.7311,"2025-01-12T09:53:20.070Z",4.1972
"Medidor 4 - ICAS","Corriente L3","A",13.77464840674849,0,82.7311,"2025-01-12T09:54:20.161Z",4.353
"Medidor 4 - ICAS","Corriente L3","A",13.77464840674849,0,82.7311,"2025-01-12T09:55:20.224Z",5.4165
"Medidor 4 - ICAS","Corriente L3","A",13.77464840674849,0,82.7311,"2025-01-12T09:56:20.293Z",6.718
"Medidor 4 - ICAS","Corriente L3","A",13.77464840674849,0,82.7311,"2025-01-12T09:57:20.401Z",4.2538
"Medidor 4 - ICAS","Corriente L3","A",13.77464840674849,0,82.7311,"2025-01-12T09:58:20.516Z",4.153
"Medidor 4 - ICAS","Corriente L3","A",13.77464840674849,0,82.7311,"2025-01-12T09:59:20.596Z",4.1963
"Medidor 4 - ICAS","Corriente L3","A",13.77464840674849,0,82.7311,"2025-01-12T10:00:20.631Z",6.6914
"Medidor 4 - ICAS","Corriente L3","A",13.77464840674849,0,82.7311,"2025-01-12T10:01:20.747Z",5.4523
"Medidor 4 - ICAS","Corriente L3","A",13.77464840674849,0,82.7311,"2025-01-12T10:02:20.821Z",5.4065
"Medidor 4 - ICAS","Corriente L3","A",13.77464840674849,0,82.7311,"2025-01-12T10:03:20.916Z",4.174
"Medidor 4 - ICAS","Corriente L3","A",13.77464840674849,0,82.7311,"2025-01-12T10:04:20.985Z",5.3427
"Medidor 4 - ICAS","Corriente L3","A",13.77464840674849,0,82.7311,"2025-01-12T10:05:21.066Z",4.1635
"Medidor 4 - ICAS","Corriente L3","A",13.77464840674849,0,82.7311,"2025-01-12T10:06:21.157Z",4.2092
"Medidor 4 - ICAS","Corriente L3","A",13.77464840674849,0,82.7311,"2025-01-12T10:07:21.275Z",4.1571
"Medidor 4 - ICAS","Corriente L3","A",13.77464840674849,0,82.7311,"2025-01-12T10:08:21.356Z",6.3601
"Medidor 4 - ICAS","Corriente L3","A",13.77464840674849,0,82.7311,"2025-01-12T10:09:21.477Z",5.2872
"Medidor 4 - ICAS","Corriente L3","A",13.77464840674849,0,82.7311,"2025-01-12T10:10:21.551Z",5.3035
"Medidor 4 - ICAS","Corriente L3","A",13.77464840674849,0,82.7311,"2025-01-12T10:11:21.692Z",4.2557
"Medidor 4 - ICAS","Corriente L3","A",13.77464840674849,0,82.7311,"2025-01-12T10:12:21.750Z",6.5495
"Medidor 4 - ICAS","Corriente L3","A",13.77464840674849,0,82.7311,"2025-01-12T10:13:21.892Z",5.3526
"Medidor 4 - ICAS","Corriente L3","A",13.77464840674849,0,82.7311,"2025-01-12T10:14:21.981Z",4.2479
"Medidor 4 - ICAS","Corriente L3","A",13.77464840674849,0,82.7311,"2025-01-12T10:15:22.062Z",4.2296
"Medidor 4 - ICAS","Corriente L3","A",13.77464840674849,0,82.7311,"2025-01-12T10:16:22.156Z",4.2616
"Medidor 4 - ICAS","Corriente L3","A",13.77464840674849,0,82.7311,"2025-01-12T10:17:22.246Z",4.4064
"Medidor 4 - ICAS","Corriente L3","A",13.77464840674849,0,82.7311,"2025-01-12T10:18:22.342Z",4.3974
"Medidor 4 - ICAS","Corriente L3","A",13.77464840674849,0,82.7311,"2025-01-12T10:19:22.426Z",4.3434
"Medidor 4 - ICAS","Corriente L3","A",13.77464840674849,0,82.7311,"2025-01-12T10:20:22.519Z",5.4595
"Medidor 4 - ICAS","Corriente L3","A",13.77464840674849,0,82.7311,"2025-01-12T10:21:22.586Z",5.5536
"Medidor 4 - ICAS","Corriente L3","A",13.77464840674849,0,82.7311,"2025-01-12T10:22:22.672Z",4.3717
"Medidor 4 - ICAS","Corriente L3","A",13.77464840674849,0,82.7311,"2025-01-12T10:23:22.735Z",4.4059
"Medidor 4 - ICAS","Corriente L3","A",13.77464840674849,0,82.7311,"2025-01-12T10:24:22.820Z",4.4221
"Medidor 4 - ICAS","Corriente L3","A",13.77464840674849,0,82.7311,"2025-01-12T10:25:22.921Z",4.4086
"Medidor 4 - ICAS","Corriente L3","A",13.77464840674849,0,82.7311,"2025-01-12T10:26:22.969Z",4.3805
"Medidor 4 - ICAS","Corriente L3","A",13.77464840674849,0,82.7311,"2025-01-12T10:27:23.111Z",4.3835
"Medidor 4 - ICAS","Corriente L3","A",13.77464840674849,0,82.7311,"2025-01-12T10:28:23.162Z",4.3705
"Medidor 4 - ICAS","Corriente L3","A",13.77464840674849,0,82.7311,"2025-01-12T10:29:23.268Z",4.349
"Medidor 4 - ICAS","Corriente L3","A",13.77464840674849,0,82.7311,"2025-01-12T10:30:23.342Z",4.3478
"Medidor 4 - ICAS","Corriente L3","A",13.77464840674849,0,82.7311,"2025-01-12T10:31:23.471Z",4.3609
"Medidor 4 - ICAS","Corriente L3","A",13.77464840674849,0,82.7311,"2025-01-12T10:32:23.540Z",4.3302
"Medidor 4 - ICAS","Corriente L3","A",13.77464840674849,0,82.7311,"2025-01-12T10:33:23.654Z",4.3402
"Medidor 4 - ICAS","Corriente L3","A",13.77464840674849,0,82.7311,"2025-01-12T10:34:23.777Z",4.3468
"Medidor 4 - ICAS","Corriente L3","A",13.77464840674849,0,82.7311,"2025-01-12T10:35:23.824Z",4.3392
"Medidor 4 - ICAS","Corriente L3","A",13.77464840674849,0,82.7311,"2025-01-12T10:36:23.922Z",5.4132
"Medidor 4 - ICAS","Corriente L3","A",13.77464840674849,0,82.7311,"2025-01-12T10:37:24.033Z",5.4466
"Medidor 4 - ICAS","Corriente L3","A",13.77464840674849,0,82.7311,"2025-01-12T10:38:24.136Z",4.271
"Medidor 4 - ICAS","Corriente L3","A",13.77464840674849,0,82.7311,"2025-01-12T10:39:24.175Z",4.3321
"Medidor 4 - ICAS","Corriente L3","A",13.77464840674849,0,82.7311,"2025-01-12T10:40:24.255Z",4.3805
"Medidor 4 - ICAS","Corriente L3","A",13.77464840674849,0,82.7311,"2025-01-12T10:41:24.380Z",5.5887
"Medidor 4 - ICAS","Corriente L3","A",13.77464840674849,0,82.7311,"2025-01-12T10:42:24.449Z",4.3254
"Medidor 4 - ICAS","Corriente L3","A",13.77464840674849,0,82.7311,"2025-01-12T10:43:24.565Z",4.3296
"Medidor 4 - ICAS","Corriente L3","A",13.77464840674849,0,82.7311,"2025-01-12T10:44:24.692Z",5.4183
"Medidor 4 - ICAS","Corriente L3","A",13.77464840674849,0,82.7311,"2025-01-12T10:45:24.753Z",7.8381
"Medidor 4 - ICAS","Corriente L3","A",13.77464840674849,0,82.7311,"2025-01-12T10:46:24.918Z",5.4459
"Medidor 4 - ICAS","Corriente L3","A",13.77464840674849,0,82.7311,"2025-01-12T10:47:24.942Z",4.3062
"Medidor 4 - ICAS","Corriente L3","A",13.77464840674849,0,82.7311,"2025-01-12T10:48:25.055Z",4.3295
"Medidor 4 - ICAS","Corriente L3","A",13.77464840674849,0,82.7311,"2025-01-12T10:49:25.160Z",5.4718
"Medidor 4 - ICAS","Corriente L3","A",13.77464840674849,0,82.7311,"2025-01-12T10:50:25.239Z",4.3278
"Medidor 4 - ICAS","Corriente L3","A",13.77464840674849,0,82.7311,"2025-01-12T10:51:25.350Z",4.2945
"Medidor 4 - ICAS","Corriente L3","A",13.77464840674849,0,82.7311,"2025-01-12T10:52:25.431Z",4.295
"Medidor 4 - ICAS","Corriente L3","A",13.77464840674849,0,82.7311,"2025-01-12T10:53:25.502Z",5.4298
"Medidor 4 - ICAS","Corriente L3","A",13.77464840674849,0,82.7311,"2025-01-12T10:54:25.577Z",4.3036
"Medidor 4 - ICAS","Corriente L3","A",13.77464840674849,0,82.7311,"2025-01-12T10:55:25.642Z",5.4457
"Medidor 4 - ICAS","Corriente L3","A",13.77464840674849,0,82.7311,"2025-01-12T10:56:25.725Z",5.4649
"Medidor 4 - ICAS","Corriente L3","A",13.77464840674849,0,82.7311,"2025-01-12T10:57:25.849Z",6.7316
"Medidor 4 - ICAS","Corriente L3","A",13.77464840674849,0,82.7311,"2025-01-12T10:58:25.934Z",5.4498
"Medidor 4 - ICAS","Corriente L3","A",13.77464840674849,0,82.7311,"2025-01-12T10:59:25.987Z",5.4803
"Medidor 4 - ICAS","Corriente L3","A",13.77464840674849,0,82.7311,"2025-01-12T11:00:26.087Z",5.4581
"Medidor 4 - ICAS","Corriente L3","A",13.77464840674849,0,82.7311,"2025-01-12T11:01:26.137Z",5.5848
"Medidor 4 - ICAS","Corriente L3","A",13.77464840674849,0,82.7311,"2025-01-12T11:02:26.207Z",4.4665
"Medidor 4 - ICAS","Corriente L3","A",13.77464840674849,0,82.7311,"2025-01-12T11:03:26.320Z",4.4607
"Medidor 4 - ICAS","Corriente L3","A",13.77464840674849,0,82.7311,"2025-01-12T11:04:26.429Z",4.4251
"Medidor 4 - ICAS","Corriente L3","A",13.77464840674849,0,82.7311,"2025-01-12T11:05:26.527Z",5.4309
"Medidor 4 - ICAS","Corriente L3","A",13.77464840674849,0,82.7311,"2025-01-12T11:06:26.617Z",4.4512
"Medidor 4 - ICAS","Corriente L3","A",13.77464840674849,0,82.7311,"2025-01-12T11:07:26.686Z",5.4317
"Medidor 4 - ICAS","Corriente L3","A",13.77464840674849,0,82.7311,"2025-01-12T11:08:26.764Z",5.3966
"Medidor 4 - ICAS","Corriente L3","A",13.77464840674849,0,82.7311,"2025-01-12T11:09:26.790Z",4.5171
"Medidor 4 - ICAS","Corriente L3","A",13.77464840674849,0,82.7311,"2025-01-12T11:10:26.871Z",4.4264
"Medidor 4 - ICAS","Corriente L3","A",13.77464840674849,0,82.7311,"2025-01-12T11:11:26.950Z",4.411
"Medidor 4 - ICAS","Corriente L3","A",13.77464840674849,0,82.7311,"2025-01-12T11:12:27.054Z",4.4088
"Medidor 4 - ICAS","Corriente L3","A",13.77464840674849,0,82.7311,"2025-01-12T11:13:27.159Z",4.4052
"Medidor 4 - ICAS","Corriente L3","A",13.77464840674849,0,82.7311,"2025-01-12T11:14:27.192Z",4.4243
"Medidor 4 - ICAS","Corriente L3","A",13.77464840674849,0,82.7311,"2025-01-12T11:15:27.311Z",4.4326
"Medidor 4 - ICAS","Corriente L3","A",13.77464840674849,0,82.7311,"2025-01-12T11:16:27.386Z",4.4271
"Medidor 4 - ICAS","Corriente L3","A",13.77464840674849,0,82.7311,"2025-01-12T11:17:27.453Z",5.451
"Medidor 4 - ICAS","Corriente L3","A",13.77464840674849,0,82.7311,"2025-01-12T11:18:27.564Z",4.362
"Medidor 4 - ICAS","Corriente L3","A",13.77464840674849,0,82.7311,"2025-01-12T11:19:27.605Z",5.3751
"Medidor 4 - ICAS","Corriente L3","A",13.77464840674849,0,82.7311,"2025-01-12T11:20:27.671Z",5.4328
"Medidor 4 - ICAS","Corriente L3","A",13.77464840674849,0,82.7311,"2025-01-12T11:21:27.764Z",6.556
"Medidor 4 - ICAS","Corriente L3","A",13.77464840674849,0,82.7311,"2025-01-12T11:22:27.869Z",4.3437
"Medidor 4 - ICAS","Corriente L3","A",13.77464840674849,0,82.7311,"2025-01-12T11:23:27.967Z",4.3524
"Medidor 4 - ICAS","Corriente L3","A",13.77464840674849,0,82.7311,"2025-01-12T11:24:28.046Z",4.4235
"Medidor 4 - ICAS","Corriente L3","A",13.77464840674849,0,82.7311,"2025-01-12T11:25:28.117Z",6.6534
"Medidor 4 - ICAS","Corriente L3","A",13.77464840674849,0,82.7311,"2025-01-12T11:26:28.205Z",4.272
"Medidor 4 - ICAS","Corriente L3","A",13.77464840674849,0,82.7311,"2025-01-12T11:27:28.294Z",4.2233
"Medidor 4 - ICAS","Corriente L3","A",13.77464840674849,0,82.7311,"2025-01-12T11:28:28.350Z",4.2513
"Medidor 4 - ICAS","Corriente L3","A",13.77464840674849,0,82.7311,"2025-01-12T11:29:28.448Z",5.4376
"Medidor 4 - ICAS","Corriente L3","A",13.77464840674849,0,82.7311,"2025-01-12T11:30:28.492Z",4.2454
"Medidor 4 - ICAS","Corriente L3","A",13.77464840674849,0,82.7311,"2025-01-12T11:31:28.542Z",4.2753
"Medidor 4 - ICAS","Corriente L3","A",13.77464840674849,0,82.7311,"2025-01-12T11:32:28.621Z",4.25
"Medidor 4 - ICAS","Corriente L3","A",13.77464840674849,0,82.7311,"2025-01-12T11:33:28.745Z",5.3856
"Medidor 4 - ICAS","Corriente L3","A",13.77464840674849,0,82.7311,"2025-01-12T11:34:28.824Z",5.3904
"Medidor 4 - ICAS","Corriente L3","A",13.77464840674849,0,82.7311,"2025-01-12T11:35:28.924Z",4.2758
"Medidor 4 - ICAS","Corriente L3","A",13.77464840674849,0,82.7311,"2025-01-12T11:36:28.980Z",4.2523
"Medidor 4 - ICAS","Corriente L3","A",13.77464840674849,0,82.7311,"2025-01-12T11:37:29.050Z",5.4438
"Medidor 4 - ICAS","Corriente L3","A",13.77464840674849,0,82.7311,"2025-01-12T11:38:29.191Z",4.2496
"Medidor 4 - ICAS","Corriente L3","A",13.77464840674849,0,82.7311,"2025-01-12T11:39:29.253Z",4.2581
"Medidor 4 - ICAS","Corriente L3","A",13.77464840674849,0,82.7311,"2025-01-12T11:40:29.393Z",4.2505
"Medidor 4 - ICAS","Corriente L3","A",13.77464840674849,0,82.7311,"2025-01-12T11:41:29.451Z",5.4206
"Medidor 4 - ICAS","Corriente L3","A",13.77464840674849,0,82.7311,"2025-01-12T11:42:29.547Z",4.298
"Medidor 4 - ICAS","Corriente L3","A",13.77464840674849,0,82.7311,"2025-01-12T11:43:29.574Z",4.2492
"Medidor 4 - ICAS","Corriente L3","A",13.77464840674849,0,82.7311,"2025-01-12T11:44:29.703Z",4.3323
"Medidor 4 - ICAS","Corriente L3","A",13.77464840674849,0,82.7311,"2025-01-12T11:45:29.762Z",6.6052
"Medidor 4 - ICAS","Corriente L3","A",13.77464840674849,0,82.7311,"2025-01-12T11:46:29.846Z",5.4514
"Medidor 4 - ICAS","Corriente L3","A",13.77464840674849,0,82.7311,"2025-01-12T11:47:29.989Z",5.4146
"Medidor 4 - ICAS","Corriente L3","A",13.77464840674849,0,82.7311,"2025-01-12T11:48:30.073Z",4.3257
"Medidor 4 - ICAS","Corriente L3","A",13.77464840674849,0,82.7311,"2025-01-12T11:49:30.092Z",5.5004
"Medidor 4 - ICAS","Corriente L3","A",13.77464840674849,0,82.7311,"2025-01-12T11:50:30.208Z",5.4629
"Medidor 4 - ICAS","Corriente L3","A",13.77464840674849,0,82.7311,"2025-01-12T11:51:30.333Z",5.4156
"Medidor 4 - ICAS","Corriente L3","A",13.77464840674849,0,82.7311,"2025-01-12T11:52:30.414Z",9.3033
"Medidor 4 - ICAS","Corriente L3","A",13.77464840674849,0,82.7311,"2025-01-12T11:53:30.529Z",5.5182
"Medidor 4 - ICAS","Corriente L3","A",13.77464840674849,0,82.7311,"2025-01-12T11:54:30.635Z",4.3964
"Medidor 4 - ICAS","Corriente L3","A",13.77464840674849,0,82.7311,"2025-01-12T11:55:30.714Z",5.4833
"Medidor 4 - ICAS","Corriente L3","A",13.77464840674849,0,82.7311,"2025-01-12T11:56:30.809Z",6.7366
"Medidor 4 - ICAS","Corriente L3","A",13.77464840674849,0,82.7311,"2025-01-12T11:57:30.895Z",8.0493
"Medidor 4 - ICAS","Corriente L3","A",13.77464840674849,0,82.7311,"2025-01-12T11:58:30.982Z",4.2346
"Medidor 4 - ICAS","Corriente L3","A",13.77464840674849,0,82.7311,"2025-01-12T11:59:31.091Z",4.2452
"Medidor 4 - ICAS","Corriente L3","A",13.77464840674849,0,82.7311,"2025-01-12T12:00:31.185Z",4.2127
"Medidor 4 - ICAS","Corriente L3","A",13.77464840674849,0,82.7311,"2025-01-12T12:01:31.290Z",5.3811
"Medidor 4 - ICAS","Corriente L3","A",13.77464840674849,0,82.7311,"2025-01-12T12:02:31.400Z",4.3204
"Medidor 4 - ICAS","Corriente L3","A",13.77464840674849,0,82.7311,"2025-01-12T12:03:31.502Z",4.3062
"Medidor 4 - ICAS","Corriente L3","A",13.77464840674849,0,82.7311,"2025-01-12T12:04:31.602Z",4.2185
"Medidor 4 - ICAS","Corriente L3","A",13.77464840674849,0,82.7311,"2025-01-12T12:05:31.690Z",5.4264
"Medidor 4 - ICAS","Corriente L3","A",13.77464840674849,0,82.7311,"2025-01-12T12:06:31.789Z",4.1882
"Medidor 4 - ICAS","Corriente L3","A",13.77464840674849,0,82.7311,"2025-01-12T12:07:31.903Z",4.1793
"Medidor 4 - ICAS","Corriente L3","A",13.77464840674849,0,82.7311,"2025-01-12T12:08:31.932Z",4.2089
"Medidor 4 - ICAS","Corriente L3","A",13.77464840674849,0,82.7311,"2025-01-12T12:09:32.063Z",5.3718
"Medidor 4 - ICAS","Corriente L3","A",13.77464840674849,0,82.7311,"2025-01-12T12:10:32.129Z",4.2235
"Medidor 4 - ICAS","Corriente L3","A",13.77464840674849,0,82.7311,"2025-01-12T12:11:32.221Z",4.2248
"Medidor 4 - ICAS","Corriente L3","A",13.77464840674849,0,82.7311,"2025-01-12T12:12:32.334Z",4.2495
"Medidor 4 - ICAS","Corriente L3","A",13.77464840674849,0,82.7311,"2025-01-12T12:13:32.438Z",4.2082
"Medidor 4 - ICAS","Corriente L3","A",13.77464840674849,0,82.7311,"2025-01-12T12:14:32.526Z",4.1532
"Medidor 4 - ICAS","Corriente L3","A",13.77464840674849,0,82.7311,"2025-01-12T12:15:32.619Z",4.1918
"Medidor 4 - ICAS","Corriente L3","A",13.77464840674849,0,82.7311,"2025-01-12T12:16:32.736Z",4.2007
"Medidor 4 - ICAS","Corriente L3","A",13.77464840674849,0,82.7311,"2025-01-12T12:17:32.818Z",4.2395
"Medidor 4 - ICAS","Corriente L3","A",13.77464840674849,0,82.7311,"2025-01-12T12:18:32.941Z",4.2131
"Medidor 4 - ICAS","Corriente L3","A",13.77464840674849,0,82.7311,"2025-01-12T12:19:33.038Z",5.3369
"Medidor 4 - ICAS","Corriente L3","A",13.77464840674849,0,82.7311,"2025-01-12T12:20:33.142Z",6.5501
"Medidor 4 - ICAS","Corriente L3","A",13.77464840674849,0,82.7311,"2025-01-12T12:21:33.234Z",5.2239
"Medidor 4 - ICAS","Corriente L3","A",13.77464840674849,0,82.7311,"2025-01-12T12:22:33.345Z",4.0767
"Medidor 4 - ICAS","Corriente L3","A",13.77464840674849,0,82.7311,"2025-01-12T12:23:33.477Z",4.0533
"Medidor 4 - ICAS","Corriente L3","A",13.77464840674849,0,82.7311,"2025-01-12T12:24:33.512Z",4.1001
"Medidor 4 - ICAS","Corriente L3","A",13.77464840674849,0,82.7311,"2025-01-12T12:25:33.626Z",4.1086
"Medidor 4 - ICAS","Corriente L3","A",13.77464840674849,0,82.7311,"2025-01-12T12:26:33.712Z",4.0839
"Medidor 4 - ICAS","Corriente L3","A",13.77464840674849,0,82.7311,"2025-01-12T12:27:33.815Z",4.0914
"Medidor 4 - ICAS","Corriente L3","A",13.77464840674849,0,82.7311,"2025-01-12T12:28:33.929Z",4.0915
"Medidor 4 - ICAS","Corriente L3","A",13.77464840674849,0,82.7311,"2025-01-12T12:29:34.014Z",5.2511
"Medidor 4 - ICAS","Corriente L3","A",13.77464840674849,0,82.7311,"2025-01-12T12:30:34.110Z",4.1106
"Medidor 4 - ICAS","Corriente L3","A",13.77464840674849,0,82.7311,"2025-01-12T12:31:34.210Z",4.129
"Medidor 4 - ICAS","Corriente L3","A",13.77464840674849,0,82.7311,"2025-01-12T12:32:34.320Z",4.1104
"Medidor 4 - ICAS","Corriente L3","A",13.77464840674849,0,82.7311,"2025-01-12T12:33:34.410Z",6.3868
"Medidor 4 - ICAS","Corriente L3","A",13.77464840674849,0,82.7311,"2025-01-12T12:34:34.526Z",6.4078
"Medidor 4 - ICAS","Corriente L3","A",13.77464840674849,0,82.7311,"2025-01-12T12:35:34.559Z",6.3546
"Medidor 4 - ICAS","Corriente L3","A",13.77464840674849,0,82.7311,"2025-01-12T12:36:34.690Z",4.1433
"Medidor 4 - ICAS","Corriente L3","A",13.77464840674849,0,82.7311,"2025-01-12T12:37:34.836Z",4.1277
"Medidor 4 - ICAS","Corriente L3","A",13.77464840674849,0,82.7311,"2025-01-12T12:38:34.840Z",4.1482
"Medidor 4 - ICAS","Corriente L3","A",13.77464840674849,0,82.7311,"2025-01-12T12:39:34.936Z",4.3367
"Medidor 4 - ICAS","Corriente L3","A",13.77464840674849,0,82.7311,"2025-01-12T12:40:35.074Z",4.2593
"Medidor 4 - ICAS","Corriente L3","A",13.77464840674849,0,82.7311,"2025-01-12T12:41:35.156Z",4.2617
"Medidor 4 - ICAS","Corriente L3","A",13.77464840674849,0,82.7311,"2025-01-12T12:42:35.251Z",4.2263
"Medidor 4 - ICAS","Corriente L3","A",13.77464840674849,0,82.7311,"2025-01-12T12:43:35.323Z",4.2606
"Medidor 4 - ICAS","Corriente L3","A",13.77464840674849,0,82.7311,"2025-01-12T12:44:35.436Z",5.4033
"Medidor 4 - ICAS","Corriente L3","A",13.77464840674849,0,82.7311,"2025-01-12T12:45:35.525Z",4.2475
"Medidor 4 - ICAS","Corriente L3","A",13.77464840674849,0,82.7311,"2025-01-12T12:46:35.613Z",4.2363
"Medidor 4 - ICAS","Corriente L3","A",13.77464840674849,0,82.7311,"2025-01-12T12:47:35.704Z",5.4015
"Medidor 4 - ICAS","Corriente L3","A",13.77464840674849,0,82.7311,"2025-01-12T12:48:35.808Z",5.4558
"Medidor 4 - ICAS","Corriente L3","A",13.77464840674849,0,82.7311,"2025-01-12T12:49:35.927Z",4.3063
"Medidor 4 - ICAS","Corriente L3","A",13.77464840674849,0,82.7311,"2025-01-12T12:50:36.014Z",4.3058
"Medidor 4 - ICAS","Corriente L3","A",13.77464840674849,0,82.7311,"2025-01-12T12:51:36.145Z",4.2541
"Medidor 4 - ICAS","Corriente L3","A",13.77464840674849,0,82.7311,"2025-01-12T12:52:36.179Z",4.2718
"Medidor 4 - ICAS","Corriente L3","A",13.77464840674849,0,82.7311,"2025-01-12T12:53:36.278Z",4.2139
"Medidor 4 - ICAS","Corriente L3","A",13.77464840674849,0,82.7311,"2025-01-12T12:54:36.350Z",4.2516
"Medidor 4 - ICAS","Corriente L3","A",13.77464840674849,0,82.7311,"2025-01-12T12:55:36.458Z",4.2142
"Medidor 4 - ICAS","Corriente L3","A",13.77464840674849,0,82.7311,"2025-01-12T12:56:36.578Z",4.1977
"Medidor 4 - ICAS","Corriente L3","A",13.77464840674849,0,82.7311,"2025-01-12T12:57:36.662Z",4.1967
"Medidor 4 - ICAS","Corriente L3","A",13.77464840674849,0,82.7311,"2025-01-12T12:58:36.788Z",4.1923
"Medidor 4 - ICAS","Corriente L3","A",13.77464840674849,0,82.7311,"2025-01-12T12:59:36.867Z",4.2392
"Medidor 4 - ICAS","Corriente L3","A",13.77464840674849,0,82.7311,"2025-01-12T13:00:36.940Z",4.2127
"Medidor 4 - ICAS","Corriente L3","A",13.77464840674849,0,82.7311,"2025-01-12T13:01:37.017Z",4.224
"Medidor 4 - ICAS","Corriente L3","A",13.77464840674849,0,82.7311,"2025-01-12T13:02:37.106Z",5.2774
"Medidor 4 - ICAS","Corriente L3","A",13.77464840674849,0,82.7311,"2025-01-12T13:03:37.253Z",4.2175
"Medidor 4 - ICAS","Corriente L3","A",13.77464840674849,0,82.7311,"2025-01-12T13:04:37.332Z",4.1846
"Medidor 4 - ICAS","Corriente L3","A",13.77464840674849,0,82.7311,"2025-01-12T13:05:37.405Z",4.2297
"Medidor 4 - ICAS","Corriente L3","A",13.77464840674849,0,82.7311,"2025-01-12T13:06:37.541Z",5.3159
"Medidor 4 - ICAS","Corriente L3","A",13.77464840674849,0,82.7311,"2025-01-12T13:07:37.595Z",5.2802
"Medidor 4 - ICAS","Corriente L3","A",13.77464840674849,0,82.7311,"2025-01-12T13:08:37.688Z",5.2661
"Medidor 4 - ICAS","Corriente L3","A",13.77464840674849,0,82.7311,"2025-01-12T13:09:37.783Z",5.3419
"Medidor 4 - ICAS","Corriente L3","A",13.77464840674849,0,82.7311,"2025-01-12T13:10:37.875Z",7.6984
"Medidor 4 - ICAS","Corriente L3","A",13.77464840674849,0,82.7311,"2025-01-12T13:11:37.956Z",5.3094
"Medidor 4 - ICAS","Corriente L3","A",13.77464840674849,0,82.7311,"2025-01-12T13:12:38.005Z",4.2266
"Medidor 4 - ICAS","Corriente L3","A",13.77464840674849,0,82.7311,"2025-01-12T13:13:38.169Z",4.2326
"Medidor 4 - ICAS","Corriente L3","A",13.77464840674849,0,82.7311,"2025-01-12T13:14:38.187Z",5.3347
"Medidor 4 - ICAS","Corriente L3","A",13.77464840674849,0,82.7311,"2025-01-12T13:15:38.285Z",9.9913
"Medidor 4 - ICAS","Corriente L3","A",13.77464840674849,0,82.7311,"2025-01-12T13:16:38.360Z",4.2637
"Medidor 4 - ICAS","Corriente L3","A",13.77464840674849,0,82.7311,"2025-01-12T13:17:38.412Z",4.3064
"Medidor 4 - ICAS","Corriente L3","A",13.77464840674849,0,82.7311,"2025-01-12T13:18:38.517Z",5.3455
"Medidor 4 - ICAS","Corriente L3","A",13.77464840674849,0,82.7311,"2025-01-12T13:19:38.622Z",4.3703
"Medidor 4 - ICAS","Corriente L3","A",13.77464840674849,0,82.7311,"2025-01-12T13:20:38.661Z",5.3332
"Medidor 4 - ICAS","Corriente L3","A",13.77464840674849,0,82.7311,"2025-01-12T13:21:38.752Z",5.3756
"Medidor 4 - ICAS","Corriente L3","A",13.77464840674849,0,82.7311,"2025-01-12T13:22:38.845Z",6.5057
"Medidor 4 - ICAS","Corriente L3","A",13.77464840674849,0,82.7311,"2025-01-12T13:23:38.942Z",4.313
"Medidor 4 - ICAS","Corriente L3","A",13.77464840674849,0,82.7311,"2025-01-12T13:24:39.021Z",4.2979
"Medidor 4 - ICAS","Corriente L3","A",13.77464840674849,0,82.7311,"2025-01-12T13:25:39.121Z",4.3128
"Medidor 4 - ICAS","Corriente L3","A",13.77464840674849,0,82.7311,"2025-01-12T13:26:39.152Z",5.3986
"Medidor 4 - ICAS","Corriente L3","A",13.77464840674849,0,82.7311,"2025-01-12T13:27:39.257Z",4.264
"Medidor 4 - ICAS","Corriente L3","A",13.77464840674849,0,82.7311,"2025-01-12T13:28:39.385Z",4.2764
"Medidor 4 - ICAS","Corriente L3","A",13.77464840674849,0,82.7311,"2025-01-12T13:29:39.473Z",4.2701
"Medidor 4 - ICAS","Corriente L3","A",13.77464840674849,0,82.7311,"2025-01-12T13:30:39.545Z",5.3505
"Medidor 4 - ICAS","Corriente L3","A",13.77464840674849,0,82.7311,"2025-01-12T13:31:39.613Z",4.2823
"Medidor 4 - ICAS","Corriente L3","A",13.77464840674849,0,82.7311,"2025-01-12T13:32:39.713Z",4.2419
"Medidor 4 - ICAS","Corriente L3","A",13.77464840674849,0,82.7311,"2025-01-12T13:33:39.825Z",5.3617
"Medidor 4 - ICAS","Corriente L3","A",13.77464840674849,0,82.7311,"2025-01-12T13:34:39.891Z",6.5338
"Medidor 4 - ICAS","Corriente L3","A",13.77464840674849,0,82.7311,"2025-01-12T13:35:39.964Z",5.3594
"Medidor 4 - ICAS","Corriente L3","A",13.77464840674849,0,82.7311,"2025-01-12T13:36:40.092Z",5.3225
"Medidor 4 - ICAS","Corriente L3","A",13.77464840674849,0,82.7311,"2025-01-12T13:37:40.197Z",4.1909
"Medidor 4 - ICAS","Corriente L3","A",13.77464840674849,0,82.7311,"2025-01-12T13:38:40.260Z",5.3586
"Medidor 4 - ICAS","Corriente L3","A",13.77464840674849,0,82.7311,"2025-01-12T13:39:40.359Z",4.2615
"Medidor 4 - ICAS","Corriente L3","A",13.77464840674849,0,82.7311,"2025-01-12T13:40:40.432Z",4.186
"Medidor 4 - ICAS","Corriente L3","A",13.77464840674849,0,82.7311,"2025-01-12T13:41:40.545Z",5.3248
"Medidor 4 - ICAS","Corriente L3","A",13.77464840674849,0,82.7311,"2025-01-12T13:42:40.629Z",6.6127
"Medidor 4 - ICAS","Corriente L3","A",13.77464840674849,0,82.7311,"2025-01-12T13:43:40.700Z",5.3236
"Medidor 4 - ICAS","Corriente L3","A",13.77464840674849,0,82.7311,"2025-01-12T13:44:40.798Z",4.1866
"Medidor 4 - ICAS","Corriente L3","A",13.77464840674849,0,82.7311,"2025-01-12T13:45:40.848Z",4.2095
"Medidor 4 - ICAS","Corriente L3","A",13.77464840674849,0,82.7311,"2025-01-12T13:46:40.949Z",5.3989
"Medidor 4 - ICAS","Corriente L3","A",13.77464840674849,0,82.7311,"2025-01-12T13:47:41.096Z",4.1887
"Medidor 4 - ICAS","Corriente L3","A",13.77464840674849,0,82.7311,"2025-01-12T13:48:41.086Z",4.1941
"Medidor 4 - ICAS","Corriente L3","A",13.77464840674849,0,82.7311,"2025-01-12T13:49:41.196Z",4.215
"Medidor 4 - ICAS","Corriente L3","A",13.77464840674849,0,82.7311,"2025-01-12T13:50:41.268Z",5.2961
"Medidor 4 - ICAS","Corriente L3","A",13.77464840674849,0,82.7311,"2025-01-12T13:51:41.414Z",4.2085
"Medidor 4 - ICAS","Corriente L3","A",13.77464840674849,0,82.7311,"2025-01-12T13:52:41.447Z",4.2392
"Medidor 4 - ICAS","Corriente L3","A",13.77464840674849,0,82.7311,"2025-01-12T13:53:41.586Z",4.2615
"Medidor 4 - ICAS","Corriente L3","A",13.77464840674849,0,82.7311,"2025-01-12T13:54:41.657Z",5.3998
"Medidor 4 - ICAS","Corriente L3","A",13.77464840674849,0,82.7311,"2025-01-12T13:55:41.766Z",4.245
"Medidor 4 - ICAS","Corriente L3","A",13.77464840674849,0,82.7311,"2025-01-12T13:56:41.851Z",4.1991
"Medidor 4 - ICAS","Corriente L3","A",13.77464840674849,0,82.7311,"2025-01-12T13:57:41.945Z",4.3071
"Medidor 4 - ICAS","Corriente L3","A",13.77464840674849,0,82.7311,"2025-01-12T13:58:42.054Z",6.5292
"Medidor 4 - ICAS","Corriente L3","A",13.77464840674849,0,82.7311,"2025-01-12T13:59:42.111Z",4.2703
"Medidor 4 - ICAS","Corriente L3","A",13.77464840674849,0,82.7311,"2025-01-12T14:00:42.191Z",4.261
"Medidor 4 - ICAS","Corriente L3","A",13.77464840674849,0,82.7311,"2025-01-12T14:01:42.263Z",4.3131
"Medidor 4 - ICAS","Corriente L3","A",13.77464840674849,0,82.7311,"2025-01-12T14:02:42.365Z",6.4868
"Medidor 4 - ICAS","Corriente L3","A",13.77464840674849,0,82.7311,"2025-01-12T14:03:42.422Z",5.284
"Medidor 4 - ICAS","Corriente L3","A",13.77464840674849,0,82.7311,"2025-01-12T14:04:42.444Z",4.2616
"Medidor 4 - ICAS","Corriente L3","A",13.77464840674849,0,82.7311,"2025-01-12T14:05:42.536Z",4.2882
"Medidor 4 - ICAS","Corriente L3","A",13.77464840674849,0,82.7311,"2025-01-12T14:06:42.616Z",5.3689
"Medidor 4 - ICAS","Corriente L3","A",13.77464840674849,0,82.7311,"2025-01-12T14:07:42.680Z",4.2744
"Medidor 4 - ICAS","Corriente L3","A",13.77464840674849,0,82.7311,"2025-01-12T14:08:42.784Z",4.1965
"Medidor 4 - ICAS","Corriente L3","A",13.77464840674849,0,82.7311,"2025-01-12T14:09:42.873Z",4.1782
"Medidor 4 - ICAS","Corriente L3","A",13.77464840674849,0,82.7311,"2025-01-12T14:10:42.989Z",5.263
"Medidor 4 - ICAS","Corriente L3","A",13.77464840674849,0,82.7311,"2025-01-12T14:11:43.085Z",4.1953
"Medidor 4 - ICAS","Corriente L3","A",13.77464840674849,0,82.7311,"2025-01-12T14:12:43.209Z",4.205
"Medidor 4 - ICAS","Corriente L3","A",13.77464840674849,0,82.7311,"2025-01-12T14:13:43.235Z",6.3305
"Medidor 4 - ICAS","Corriente L3","A",13.77464840674849,0,82.7311,"2025-01-12T14:14:43.341Z",7.5315
"Medidor 4 - ICAS","Corriente L3","A",13.77464840674849,0,82.7311,"2025-01-12T14:15:43.418Z",6.4141
"Medidor 4 - ICAS","Corriente L3","A",13.77464840674849,0,82.7311,"2025-01-12T14:16:43.545Z",4.1234
"Medidor 4 - ICAS","Corriente L3","A",13.77464840674849,0,82.7311,"2025-01-12T14:17:43.604Z",4.1451
"Medidor 4 - ICAS","Corriente L3","A",13.77464840674849,0,82.7311,"2025-01-12T14:18:43.700Z",5.2742
"Medidor 4 - ICAS","Corriente L3","A",13.77464840674849,0,82.7311,"2025-01-12T14:19:43.787Z",4.1264
"Medidor 4 - ICAS","Corriente L3","A",13.77464840674849,0,82.7311,"2025-01-12T14:20:43.902Z",4.092
"Medidor 4 - ICAS","Corriente L3","A",13.77464840674849,0,82.7311,"2025-01-12T14:21:43.995Z",5.1688
"Medidor 4 - ICAS","Corriente L3","A",13.77464840674849,0,82.7311,"2025-01-12T14:22:44.110Z",6.356
"Medidor 4 - ICAS","Corriente L3","A",13.77464840674849,0,82.7311,"2025-01-12T14:23:44.169Z",4.1213
"Medidor 4 - ICAS","Corriente L3","A",13.77464840674849,0,82.7311,"2025-01-12T14:24:44.279Z",4.0984
"Medidor 4 - ICAS","Corriente L3","A",13.77464840674849,0,82.7311,"2025-01-12T14:25:44.377Z",4.078
"Medidor 4 - ICAS","Corriente L3","A",13.77464840674849,0,82.7311,"2025-01-12T14:26:44.465Z",6.3636
"Medidor 4 - ICAS","Corriente L3","A",13.77464840674849,0,82.7311,"2025-01-12T14:27:44.570Z",5.1746
"Medidor 4 - ICAS","Corriente L3","A",13.77464840674849,0,82.7311,"2025-01-12T14:28:44.647Z",4.0881
"Medidor 4 - ICAS","Corriente L3","A",13.77464840674849,0,82.7311,"2025-01-12T14:29:44.725Z",4.1034
"Medidor 4 - ICAS","Corriente L3","A",13.77464840674849,0,82.7311,"2025-01-12T14:30:44.818Z",5.2341
"Medidor 4 - ICAS","Corriente L3","A",13.77464840674849,0,82.7311,"2025-01-12T14:31:44.913Z",4.1096
"Medidor 4 - ICAS","Corriente L3","A",13.77464840674849,0,82.7311,"2025-01-12T14:32:44.986Z",4.1196
"Medidor 4 - ICAS","Corriente L3","A",13.77464840674849,0,82.7311,"2025-01-12T14:33:45.084Z",4.0961
"Medidor 4 - ICAS","Corriente L3","A",13.77464840674849,0,82.7311,"2025-01-12T14:34:45.162Z",5.2077
"Medidor 4 - ICAS","Corriente L3","A",13.77464840674849,0,82.7311,"2025-01-12T14:35:45.232Z",4.0785
"Medidor 4 - ICAS","Corriente L3","A",13.77464840674849,0,82.7311,"2025-01-12T14:36:45.336Z",4.0984
"Medidor 4 - ICAS","Corriente L3","A",13.77464840674849,0,82.7311,"2025-01-12T14:37:45.438Z",4.1237
"Medidor 4 - ICAS","Corriente L3","A",13.77464840674849,0,82.7311,"2025-01-12T14:38:45.531Z",4.1611
"Medidor 4 - ICAS","Corriente L3","A",13.77464840674849,0,82.7311,"2025-01-12T14:39:45.634Z",4.1342
"Medidor 4 - ICAS","Corriente L3","A",13.77464840674849,0,82.7311,"2025-01-12T14:40:45.739Z",4.0917
"Medidor 4 - ICAS","Corriente L3","A",13.77464840674849,0,82.7311,"2025-01-12T14:41:45.813Z",4.112
"Medidor 4 - ICAS","Corriente L3","A",13.77464840674849,0,82.7311,"2025-01-12T14:42:45.902Z",4.1885
"Medidor 4 - ICAS","Corriente L3","A",13.77464840674849,0,82.7311,"2025-01-12T14:43:46.031Z",4.2026
"Medidor 4 - ICAS","Corriente L3","A",13.77464840674849,0,82.7311,"2025-01-12T14:44:46.137Z",5.2025
"Medidor 4 - ICAS","Corriente L3","A",13.77464840674849,0,82.7311,"2025-01-12T14:45:46.210Z",5.1936
"Medidor 4 - ICAS","Corriente L3","A",13.77464840674849,0,82.7311,"2025-01-12T14:46:46.267Z",4.2783
"Medidor 4 - ICAS","Corriente L3","A",13.77464840674849,0,82.7311,"2025-01-12T14:47:46.387Z",5.208
"Medidor 4 - ICAS","Corriente L3","A",13.77464840674849,0,82.7311,"2025-01-12T14:48:46.445Z",5.2039
"Medidor 4 - ICAS","Corriente L3","A",13.77464840674849,0,82.7311,"2025-01-12T14:49:46.573Z",5.1874
"Medidor 4 - ICAS","Corriente L3","A",13.77464840674849,0,82.7311,"2025-01-12T14:50:46.667Z",6.2997
"Medidor 4 - ICAS","Corriente L3","A",13.77464840674849,0,82.7311,"2025-01-12T14:51:46.754Z",4.3768
"Medidor 4 - ICAS","Corriente L3","A",13.77464840674849,0,82.7311,"2025-01-12T14:52:46.836Z",4.3538
"Medidor 4 - ICAS","Corriente L3","A",13.77464840674849,0,82.7311,"2025-01-12T14:53:46.979Z",4.3596
"Medidor 4 - ICAS","Corriente L3","A",13.77464840674849,0,82.7311,"2025-01-12T14:54:47.053Z",4.3686
"Medidor 4 - ICAS","Corriente L3","A",13.77464840674849,0,82.7311,"2025-01-12T14:55:47.123Z",4.3761
"Medidor 4 - ICAS","Corriente L3","A",13.77464840674849,0,82.7311,"2025-01-12T14:56:47.161Z",4.3543
"Medidor 4 - ICAS","Corriente L3","A",13.77464840674849,0,82.7311,"2025-01-12T14:57:47.217Z",4.2888
"Medidor 4 - ICAS","Corriente L3","A",13.77464840674849,0,82.7311,"2025-01-12T14:58:47.300Z",4.2854
"Medidor 4 - ICAS","Corriente L3","A",13.77464840674849,0,82.7311,"2025-01-12T14:59:47.374Z",4.4057
"Medidor 4 - ICAS","Corriente L3","A",13.77464840674849,0,82.7311,"2025-01-12T15:00:47.413Z",4.2687
"Medidor 4 - ICAS","Corriente L3","A",13.77464840674849,0,82.7311,"2025-01-12T15:01:47.507Z",4.2842
"Medidor 4 - ICAS","Corriente L3","A",13.77464840674849,0,82.7311,"2025-01-12T15:02:47.581Z",4.2577
"Medidor 4 - ICAS","Corriente L3","A",13.77464840674849,0,82.7311,"2025-01-12T15:03:47.716Z",4.2513
"Medidor 4 - ICAS","Corriente L3","A",13.77464840674849,0,82.7311,"2025-01-12T15:04:47.766Z",4.2587
"Medidor 4 - ICAS","Corriente L3","A",13.77464840674849,0,82.7311,"2025-01-12T15:05:47.896Z",5.3329
"Medidor 4 - ICAS","Corriente L3","A",13.77464840674849,0,82.7311,"2025-01-12T15:06:47.935Z",5.3325
"Medidor 4 - ICAS","Corriente L3","A",13.77464840674849,0,82.7311,"2025-01-12T15:07:48.009Z",5.3523
"Medidor 4 - ICAS","Corriente L3","A",13.77464840674849,0,82.7311,"2025-01-12T15:08:48.111Z",5.338
"Medidor 4 - ICAS","Corriente L3","A",13.77464840674849,0,82.7311,"2025-01-12T15:09:48.199Z",4.2896
"Medidor 4 - ICAS","Corriente L3","A",13.77464840674849,0,82.7311,"2025-01-12T15:10:48.316Z",4.2404
"Medidor 4 - ICAS","Corriente L3","A",13.77464840674849,0,82.7311,"2025-01-12T15:11:48.400Z",4.2309
"Medidor 4 - ICAS","Corriente L3","A",13.77464840674849,0,82.7311,"2025-01-12T15:12:48.479Z",5.3225
"Medidor 4 - ICAS","Corriente L3","A",13.77464840674849,0,82.7311,"2025-01-12T15:13:48.630Z",4.223
"Medidor 4 - ICAS","Corriente L3","A",13.77464840674849,0,82.7311,"2025-01-12T15:14:48.717Z",5.3598
"Medidor 4 - ICAS","Corriente L3","A",13.77464840674849,0,82.7311,"2025-01-12T15:15:48.790Z",4.2535
"Medidor 4 - ICAS","Corriente L3","A",13.77464840674849,0,82.7311,"2025-01-12T15:16:48.891Z",4.2422
"Medidor 4 - ICAS","Corriente L3","A",13.77464840674849,0,82.7311,"2025-01-12T15:17:48.974Z",4.2331
"Medidor 4 - ICAS","Corriente L3","A",13.77464840674849,0,82.7311,"2025-01-12T15:18:49.065Z",4.2296
"Medidor 4 - ICAS","Corriente L3","A",13.77464840674849,0,82.7311,"2025-01-12T15:19:49.087Z",5.373
"Medidor 4 - ICAS","Corriente L3","A",13.77464840674849,0,82.7311,"2025-01-12T15:20:49.218Z",6.4368
"Medidor 4 - ICAS","Corriente L3","A",13.77464840674849,0,82.7311,"2025-01-12T15:21:49.288Z",5.3396
"Medidor 4 - ICAS","Corriente L3","A",13.77464840674849,0,82.7311,"2025-01-12T15:22:49.380Z",5.2792
"Medidor 4 - ICAS","Corriente L3","A",13.77464840674849,0,82.7311,"2025-01-12T15:23:49.488Z",4.2676
"Medidor 4 - ICAS","Corriente L3","A",13.77464840674849,0,82.7311,"2025-01-12T15:24:49.588Z",4.2575
"Medidor 4 - ICAS","Corriente L3","A",13.77464840674849,0,82.7311,"2025-01-12T15:25:49.665Z",4.3008
"Medidor 4 - ICAS","Corriente L3","A",13.77464840674849,0,82.7311,"2025-01-12T15:26:49.763Z",4.3034
"Medidor 4 - ICAS","Corriente L3","A",13.77464840674849,0,82.7311,"2025-01-12T15:27:49.886Z",4.3816
"Medidor 4 - ICAS","Corriente L3","A",13.77464840674849,0,82.7311,"2025-01-12T15:28:49.962Z",4.3254
"Medidor 4 - ICAS","Corriente L3","A",13.77464840674849,0,82.7311,"2025-01-12T15:29:50.040Z",4.3216
"Medidor 4 - ICAS","Corriente L3","A",13.77464840674849,0,82.7311,"2025-01-12T15:30:50.137Z",4.3806
"Medidor 4 - ICAS","Corriente L3","A",13.77464840674849,0,82.7311,"2025-01-12T15:31:50.263Z",4.3392
"Medidor 4 - ICAS","Corriente L3","A",13.77464840674849,0,82.7311,"2025-01-12T15:32:50.333Z",4.282
"Medidor 4 - ICAS","Corriente L3","A",13.77464840674849,0,82.7311,"2025-01-12T15:33:50.456Z",4.3303
"Medidor 4 - ICAS","Corriente L3","A",13.77464840674849,0,82.7311,"2025-01-12T15:34:50.477Z",4.3702
"Medidor 4 - ICAS","Corriente L3","A",13.77464840674849,0,82.7311,"2025-01-12T15:35:50.592Z",4.313
"Medidor 4 - ICAS","Corriente L3","A",13.77464840674849,0,82.7311,"2025-01-12T15:36:50.682Z",5.3165
"Medidor 4 - ICAS","Corriente L3","A",13.77464840674849,0,82.7311,"2025-01-12T15:37:50.800Z",5.3169
"Medidor 4 - ICAS","Corriente L3","A",13.77464840674849,0,82.7311,"2025-01-12T15:38:50.891Z",4.3139
"Medidor 4 - ICAS","Corriente L3","A",13.77464840674849,0,82.7311,"2025-01-12T15:39:50.938Z",4.2984
"Medidor 4 - ICAS","Corriente L3","A",13.77464840674849,0,82.7311,"2025-01-12T15:40:51.019Z",5.319
"Medidor 4 - ICAS","Corriente L3","A",13.77464840674849,0,82.7311,"2025-01-12T15:41:51.135Z",5.3822
"Medidor 4 - ICAS","Corriente L3","A",13.77464840674849,0,82.7311,"2025-01-12T15:42:51.222Z",4.2863
"Medidor 4 - ICAS","Corriente L3","A",13.77464840674849,0,82.7311,"2025-01-12T15:43:51.324Z",4.3518
"Medidor 4 - ICAS","Corriente L3","A",13.77464840674849,0,82.7311,"2025-01-12T15:44:51.389Z",4.2767
"Medidor 4 - ICAS","Corriente L3","A",13.77464840674849,0,82.7311,"2025-01-12T15:45:51.474Z",6.1548
"Medidor 4 - ICAS","Corriente L3","A",13.77464840674849,0,82.7311,"2025-01-12T15:46:51.582Z",4.2913
"Medidor 4 - ICAS","Corriente L3","A",13.77464840674849,0,82.7311,"2025-01-12T15:47:51.664Z",4.2665
"Medidor 4 - ICAS","Corriente L3","A",13.77464840674849,0,82.7311,"2025-01-12T15:48:51.784Z",4.3067
"Medidor 4 - ICAS","Corriente L3","A",13.77464840674849,0,82.7311,"2025-01-12T15:49:51.890Z",4.2348
"Medidor 4 - ICAS","Corriente L3","A",13.77464840674849,0,82.7311,"2025-01-12T15:50:51.960Z",4.2469
"Medidor 4 - ICAS","Corriente L3","A",13.77464840674849,0,82.7311,"2025-01-12T15:51:52.094Z",4.297
"Medidor 4 - ICAS","Corriente L3","A",13.77464840674849,0,82.7311,"2025-01-12T15:52:52.193Z",4.2722
"Medidor 4 - ICAS","Corriente L3","A",13.77464840674849,0,82.7311,"2025-01-12T15:53:52.300Z",4.274
"Medidor 4 - ICAS","Corriente L3","A",13.77464840674849,0,82.7311,"2025-01-12T15:54:52.361Z",4.2459
"Medidor 4 - ICAS","Corriente L3","A",13.77464840674849,0,82.7311,"2025-01-12T15:55:52.496Z",10.8115
"Medidor 4 - ICAS","Corriente L3","A",13.77464840674849,0,82.7311,"2025-01-12T15:56:52.531Z",6.4721
"Medidor 4 - ICAS","Corriente L3","A",13.77464840674849,0,82.7311,"2025-01-12T15:57:52.679Z",5.3216
"Medidor 4 - ICAS","Corriente L3","A",13.77464840674849,0,82.7311,"2025-01-12T15:58:52.775Z",5.3368
"Medidor 4 - ICAS","Corriente L3","A",13.77464840674849,0,82.7311,"2025-01-12T15:59:52.902Z",5.2927
"Medidor 4 - ICAS","Corriente L3","A",13.77464840674849,0,82.7311,"2025-01-12T16:00:52.944Z",4.2209
"Medidor 4 - ICAS","Corriente L3","A",13.77464840674849,0,82.7311,"2025-01-12T16:01:53.080Z",4.2403
"Medidor 4 - ICAS","Corriente L3","A",13.77464840674849,0,82.7311,"2025-01-12T16:02:53.194Z",4.2336
"Medidor 4 - ICAS","Corriente L3","A",13.77464840674849,0,82.7311,"2025-01-12T16:03:53.291Z",5.3206
"Medidor 4 - ICAS","Corriente L3","A",13.77464840674849,0,82.7311,"2025-01-12T16:04:53.341Z",6.487
"Medidor 4 - ICAS","Corriente L3","A",13.77464840674849,0,82.7311,"2025-01-12T16:05:53.467Z",6.5531
"Medidor 4 - ICAS","Corriente L3","A",13.77464840674849,0,82.7311,"2025-01-12T16:06:53.565Z",4.2425
"Medidor 4 - ICAS","Corriente L3","A",13.77464840674849,0,82.7311,"2025-01-12T16:07:53.676Z",4.2171
"Medidor 4 - ICAS","Corriente L3","A",13.77464840674849,0,82.7311,"2025-01-12T16:08:53.743Z",4.292
"Medidor 4 - ICAS","Corriente L3","A",13.77464840674849,0,82.7311,"2025-01-12T16:09:53.832Z",5.3827
"Medidor 4 - ICAS","Corriente L3","A",13.77464840674849,0,82.7311,"2025-01-12T16:10:53.902Z",4.2931
"Medidor 4 - ICAS","Corriente L3","A",13.77464840674849,0,82.7311,"2025-01-12T16:11:54.039Z",4.2285
"Medidor 4 - ICAS","Corriente L3","A",13.77464840674849,0,82.7311,"2025-01-12T16:12:54.134Z",4.2754
"Medidor 4 - ICAS","Corriente L3","A",13.77464840674849,0,82.7311,"2025-01-12T16:13:54.231Z",5.3439
"Medidor 4 - ICAS","Corriente L3","A",13.77464840674849,0,82.7311,"2025-01-12T16:14:54.308Z",4.273
"Medidor 4 - ICAS","Corriente L3","A",13.77464840674849,0,82.7311,"2025-01-12T16:15:54.423Z",4.2991
"Medidor 4 - ICAS","Corriente L3","A",13.77464840674849,0,82.7311,"2025-01-12T16:16:54.484Z",4.2874
"Medidor 4 - ICAS","Corriente L3","A",13.77464840674849,0,82.7311,"2025-01-12T16:17:54.602Z",5.3417
"Medidor 4 - ICAS","Corriente L3","A",13.77464840674849,0,82.7311,"2025-01-12T16:18:54.654Z",4.275
"Medidor 4 - ICAS","Corriente L3","A",13.77464840674849,0,82.7311,"2025-01-12T16:19:54.698Z",4.2996
"Medidor 4 - ICAS","Corriente L3","A",13.77464840674849,0,82.7311,"2025-01-12T16:20:54.851Z",4.3156
"Medidor 4 - ICAS","Corriente L3","A",13.77464840674849,0,82.7311,"2025-01-12T16:21:54.881Z",5.3373
"Medidor 4 - ICAS","Corriente L3","A",13.77464840674849,0,82.7311,"2025-01-12T16:22:54.984Z",4.2901
"Medidor 4 - ICAS","Corriente L3","A",13.77464840674849,0,82.7311,"2025-01-12T16:23:55.048Z",4.2887
"Medidor 4 - ICAS","Corriente L3","A",13.77464840674849,0,82.7311,"2025-01-12T16:24:55.174Z",4.2357
"Medidor 4 - ICAS","Corriente L3","A",13.77464840674849,0,82.7311,"2025-01-12T16:25:55.274Z",5.3461
"Medidor 4 - ICAS","Corriente L3","A",13.77464840674849,0,82.7311,"2025-01-12T16:26:55.375Z",4.2585
"Medidor 4 - ICAS","Corriente L3","A",13.77464840674849,0,82.7311,"2025-01-12T16:27:55.453Z",6.4626
"Medidor 4 - ICAS","Corriente L3","A",13.77464840674849,0,82.7311,"2025-01-12T16:28:55.570Z",6.5546
"Medidor 4 - ICAS","Corriente L3","A",13.77464840674849,0,82.7311,"2025-01-12T16:29:55.646Z",5.3462
"Medidor 4 - ICAS","Corriente L3","A",13.77464840674849,0,82.7311,"2025-01-12T16:30:55.741Z",4.1212
"Medidor 4 - ICAS","Corriente L3","A",13.77464840674849,0,82.7311,"2025-01-12T16:31:55.822Z",4.127
"Medidor 4 - ICAS","Corriente L3","A",13.77464840674849,0,82.7311,"2025-01-12T16:32:55.895Z",4.1284
"Medidor 4 - ICAS","Corriente L3","A",13.77464840674849,0,82.7311,"2025-01-12T16:33:55.951Z",6.5101
"Medidor 4 - ICAS","Corriente L3","A",13.77464840674849,0,82.7311,"2025-01-12T16:34:56.096Z",5.308
"Medidor 4 - ICAS","Corriente L3","A",13.77464840674849,0,82.7311,"2025-01-12T16:35:56.166Z",4.0852
"Medidor 4 - ICAS","Corriente L3","A",13.77464840674849,0,82.7311,"2025-01-12T16:36:56.270Z",4.0978
"Medidor 4 - ICAS","Corriente L3","A",13.77464840674849,0,82.7311,"2025-01-12T16:37:56.419Z",5.2856
"Medidor 4 - ICAS","Corriente L3","A",13.77464840674849,0,82.7311,"2025-01-12T16:38:56.506Z",4.1114
"Medidor 4 - ICAS","Corriente L3","A",13.77464840674849,0,82.7311,"2025-01-12T16:39:56.548Z",4.1778
"Medidor 4 - ICAS","Corriente L3","A",13.77464840674849,0,82.7311,"2025-01-12T16:40:56.653Z",4.0776
"Medidor 4 - ICAS","Corriente L3","A",13.77464840674849,0,82.7311,"2025-01-12T16:41:56.761Z",5.2466
"Medidor 4 - ICAS","Corriente L3","A",13.77464840674849,0,82.7311,"2025-01-12T16:42:56.868Z",4.1116
"Medidor 4 - ICAS","Corriente L3","A",13.77464840674849,0,82.7311,"2025-01-12T16:43:56.966Z",4.0619
"Medidor 4 - ICAS","Corriente L3","A",13.77464840674849,0,82.7311,"2025-01-12T16:44:56.991Z",4.0997
"Medidor 4 - ICAS","Corriente L3","A",13.77464840674849,0,82.7311,"2025-01-12T16:45:57.101Z",5.2646
"Medidor 4 - ICAS","Corriente L3","A",13.77464840674849,0,82.7311,"2025-01-12T16:46:57.205Z",4.0983
"Medidor 4 - ICAS","Corriente L3","A",13.77464840674849,0,82.7311,"2025-01-12T16:47:57.254Z",5.2714
"Medidor 4 - ICAS","Corriente L3","A",13.77464840674849,0,82.7311,"2025-01-12T16:48:57.384Z",5.2384
"Medidor 4 - ICAS","Corriente L3","A",13.77464840674849,0,82.7311,"2025-01-12T16:49:57.487Z",6.503
"Medidor 4 - ICAS","Corriente L3","A",13.77464840674849,0,82.7311,"2025-01-12T16:50:57.586Z",4.1248
"Medidor 4 - ICAS","Corriente L3","A",13.77464840674849,0,82.7311,"2025-01-12T16:51:57.730Z",4.1301
"Medidor 4 - ICAS","Corriente L3","A",13.77464840674849,0,82.7311,"2025-01-12T16:52:57.784Z",4.109
"Medidor 4 - ICAS","Corriente L3","A",13.77464840674849,0,82.7311,"2025-01-12T16:53:57.846Z",6.4376
"Medidor 4 - ICAS","Corriente L3","A",13.77464840674849,0,82.7311,"2025-01-12T16:54:57.979Z",5.2442
"Medidor 4 - ICAS","Corriente L3","A",13.77464840674849,0,82.7311,"2025-01-12T16:55:58.062Z",4.1311
"Medidor 4 - ICAS","Corriente L3","A",13.77464840674849,0,82.7311,"2025-01-12T16:56:58.198Z",4.1139
"Medidor 4 - ICAS","Corriente L3","A",13.77464840674849,0,82.7311,"2025-01-12T16:57:58.185Z",5.331
"Medidor 4 - ICAS","Corriente L3","A",13.77464840674849,0,82.7311,"2025-01-12T16:58:58.282Z",4.1049
"Medidor 4 - ICAS","Corriente L3","A",13.77464840674849,0,82.7311,"2025-01-12T16:59:58.354Z",4.1117
"Medidor 4 - ICAS","Corriente L3","A",13.77464840674849,0,82.7311,"2025-01-12T17:00:58.441Z",4.0838
"Medidor 4 - ICAS","Corriente L3","A",13.77464840674849,0,82.7311,"2025-01-12T17:01:58.553Z",6.4904
"Medidor 4 - ICAS","Corriente L3","A",13.77464840674849,0,82.7311,"2025-01-12T17:02:58.652Z",6.4804
"Medidor 4 - ICAS","Corriente L3","A",13.77464840674849,0,82.7311,"2025-01-12T17:03:58.801Z",5.1955
"Medidor 4 - ICAS","Corriente L3","A",13.77464840674849,0,82.7311,"2025-01-12T17:04:58.859Z",5.2088
"Medidor 4 - ICAS","Corriente L3","A",13.77464840674849,0,82.7311,"2025-01-12T17:05:58.925Z",5.2654
"Medidor 4 - ICAS","Corriente L3","A",13.77464840674849,0,82.7311,"2025-01-12T17:06:59.056Z",4.1798
"Medidor 4 - ICAS","Corriente L3","A",13.77464840674849,0,82.7311,"2025-01-12T17:07:59.087Z",4.2134
"Medidor 4 - ICAS","Corriente L3","A",13.77464840674849,0,82.7311,"2025-01-12T17:08:59.167Z",4.2083
"Medidor 4 - ICAS","Corriente L3","A",13.77464840674849,0,82.7311,"2025-01-12T17:09:59.248Z",5.4183
"Medidor 4 - ICAS","Corriente L3","A",13.77464840674849,0,82.7311,"2025-01-12T17:10:59.354Z",4.361
"Medidor 4 - ICAS","Corriente L3","A",13.77464840674849,0,82.7311,"2025-01-12T17:11:59.450Z",4.3313
"Medidor 4 - ICAS","Corriente L3","A",13.77464840674849,0,82.7311,"2025-01-12T17:12:59.534Z",4.3765
"Medidor 4 - ICAS","Corriente L3","A",13.77464840674849,0,82.7311,"2025-01-12T17:13:59.621Z",5.4507
"Medidor 4 - ICAS","Corriente L3","A",13.77464840674849,0,82.7311,"2025-01-12T17:14:59.672Z",4.3772
"Medidor 4 - ICAS","Corriente L3","A",13.77464840674849,0,82.7311,"2025-01-12T17:15:59.792Z",5.3776
"Medidor 4 - ICAS","Corriente L3","A",13.77464840674849,0,82.7311,"2025-01-12T17:16:59.909Z",5.3448
"Medidor 4 - ICAS","Corriente L3","A",13.77464840674849,0,82.7311,"2025-01-12T17:18:00.026Z",5.3581
"Medidor 4 - ICAS","Corriente L3","A",13.77464840674849,0,82.7311,"2025-01-12T17:19:00.086Z",4.2467
"Medidor 4 - ICAS","Corriente L3","A",13.77464840674849,0,82.7311,"2025-01-12T17:20:00.192Z",4.2711
"Medidor 4 - ICAS","Corriente L3","A",13.77464840674849,0,82.7311,"2025-01-12T17:21:00.308Z",4.2456
"Medidor 4 - ICAS","Corriente L3","A",13.77464840674849,0,82.7311,"2025-01-12T17:22:00.440Z",5.3738
"Medidor 4 - ICAS","Corriente L3","A",13.77464840674849,0,82.7311,"2025-01-12T17:23:00.485Z",4.3459
"Medidor 4 - ICAS","Corriente L3","A",13.77464840674849,0,82.7311,"2025-01-12T17:24:00.571Z",4.3106
"Medidor 4 - ICAS","Corriente L3","A",13.77464840674849,0,82.7311,"2025-01-12T17:25:00.600Z",4.3758
"Medidor 4 - ICAS","Corriente L3","A",13.77464840674849,0,82.7311,"2025-01-12T17:26:00.724Z",5.5217
"Medidor 4 - ICAS","Corriente L3","A",13.77464840674849,0,82.7311,"2025-01-12T17:27:00.849Z",4.33
"Medidor 4 - ICAS","Corriente L3","A",13.77464840674849,0,82.7311,"2025-01-12T17:28:00.900Z",4.3103
"Medidor 4 - ICAS","Corriente L3","A",13.77464840674849,0,82.7311,"2025-01-12T17:29:01.004Z",4.2475
"Medidor 4 - ICAS","Corriente L3","A",13.77464840674849,0,82.7311,"2025-01-12T17:30:01.098Z",6.7231
"Medidor 4 - ICAS","Corriente L3","A",13.77464840674849,0,82.7311,"2025-01-12T17:31:01.139Z",5.5841
"Medidor 4 - ICAS","Corriente L3","A",13.77464840674849,0,82.7311,"2025-01-12T17:32:01.209Z",4.3322
"Medidor 4 - ICAS","Corriente L3","A",13.77464840674849,0,82.7311,"2025-01-12T17:33:01.322Z",4.3305
"Medidor 4 - ICAS","Corriente L3","A",13.77464840674849,0,82.7311,"2025-01-12T17:34:01.382Z",5.4144
"Medidor 4 - ICAS","Corriente L3","A",13.77464840674849,0,82.7311,"2025-01-12T17:35:01.483Z",4.2916
"Medidor 4 - ICAS","Corriente L3","A",13.77464840674849,0,82.7311,"2025-01-12T17:36:01.562Z",4.2889
"Medidor 4 - ICAS","Corriente L3","A",13.77464840674849,0,82.7311,"2025-01-12T17:37:01.650Z",4.251
"Medidor 4 - ICAS","Corriente L3","A",13.77464840674849,0,82.7311,"2025-01-12T17:38:01.763Z",6.6637
"Medidor 4 - ICAS","Corriente L3","A",13.77464840674849,0,82.7311,"2025-01-12T17:39:01.828Z",6.6582
"Medidor 4 - ICAS","Corriente L3","A",13.77464840674849,0,82.7311,"2025-01-12T17:40:01.908Z",6.5769
"Medidor 4 - ICAS","Corriente L3","A",13.77464840674849,0,82.7311,"2025-01-12T17:41:02.031Z",5.407
"Medidor 4 - ICAS","Corriente L3","A",13.77464840674849,0,82.7311,"2025-01-12T17:42:02.119Z",4.2509
"Medidor 4 - ICAS","Corriente L3","A",13.77464840674849,0,82.7311,"2025-01-12T17:43:02.182Z",4.2548
"Medidor 4 - ICAS","Corriente L3","A",13.77464840674849,0,82.7311,"2025-01-12T17:44:02.333Z",4.272
"Medidor 4 - ICAS","Corriente L3","A",13.77464840674849,0,82.7311,"2025-01-12T17:45:02.387Z",4.2245
"Medidor 4 - ICAS","Corriente L3","A",13.77464840674849,0,82.7311,"2025-01-12T17:46:02.489Z",5.3555
"Medidor 4 - ICAS","Corriente L3","A",13.77464840674849,0,82.7311,"2025-01-12T17:47:02.570Z",4.2414
"Medidor 4 - ICAS","Corriente L3","A",13.77464840674849,0,82.7311,"2025-01-12T17:48:02.644Z",4.3028
"Medidor 4 - ICAS","Corriente L3","A",13.77464840674849,0,82.7311,"2025-01-12T17:49:02.723Z",4.3535
"Medidor 4 - ICAS","Corriente L3","A",13.77464840674849,0,82.7311,"2025-01-12T17:50:02.789Z",4.2357
"Medidor 4 - ICAS","Corriente L3","A",13.77464840674849,0,82.7311,"2025-01-12T17:51:02.907Z",4.2746
"Medidor 4 - ICAS","Corriente L3","A",13.77464840674849,0,82.7311,"2025-01-12T17:52:03.005Z",4.294
"Medidor 4 - ICAS","Corriente L3","A",13.77464840674849,0,82.7311,"2025-01-12T17:53:03.089Z",4.2478
"Medidor 4 - ICAS","Corriente L3","A",13.77464840674849,0,82.7311,"2025-01-12T17:54:03.137Z",4.2793
"Medidor 4 - ICAS","Corriente L3","A",13.77464840674849,0,82.7311,"2025-01-12T17:55:03.225Z",5.4341
"Medidor 4 - ICAS","Corriente L3","A",13.77464840674849,0,82.7311,"2025-01-12T17:56:03.367Z",5.4068
"Medidor 4 - ICAS","Corriente L3","A",13.77464840674849,0,82.7311,"2025-01-12T17:57:03.393Z",5.3927
"Medidor 4 - ICAS","Corriente L3","A",13.77464840674849,0,82.7311,"2025-01-12T17:58:03.517Z",4.2531
"Medidor 4 - ICAS","Corriente L3","A",13.77464840674849,0,82.7311,"2025-01-12T17:59:03.645Z",5.3988
"Medidor 4 - ICAS","Corriente L3","A",13.77464840674849,0,82.7311,"2025-01-12T18:00:03.693Z",4.2808
"Medidor 4 - ICAS","Corriente L3","A",13.77464840674849,0,82.7311,"2025-01-12T18:01:03.801Z",4.2404
"Medidor 4 - ICAS","Corriente L3","A",13.77464840674849,0,82.7311,"2025-01-12T18:02:03.888Z",4.2845
"Medidor 4 - ICAS","Corriente L3","A",13.77464840674849,0,82.7311,"2025-01-12T18:03:03.978Z",5.4089
"Medidor 4 - ICAS","Corriente L3","A",13.77464840674849,0,82.7311,"2025-01-12T18:04:04.081Z",4.3026
"Medidor 4 - ICAS","Corriente L3","A",13.77464840674849,0,82.7311,"2025-01-12T18:05:04.225Z",4.2981
"Medidor 4 - ICAS","Corriente L3","A",13.77464840674849,0,82.7311,"2025-01-12T18:06:04.269Z",4.2923
"Medidor 4 - ICAS","Corriente L3","A",13.77464840674849,0,82.7311,"2025-01-12T18:07:04.365Z",5.4441
"Medidor 4 - ICAS","Corriente L3","A",13.77464840674849,0,82.7311,"2025-01-12T18:08:04.446Z",5.3873
"Medidor 4 - ICAS","Corriente L3","A",13.77464840674849,0,82.7311,"2025-01-12T18:09:04.584Z",4.3004
"Medidor 4 - ICAS","Corriente L3","A",13.77464840674849,0,82.7311,"2025-01-12T18:10:04.670Z",4.3353
"Medidor 4 - ICAS","Corriente L3","A",13.77464840674849,0,82.7311,"2025-01-12T18:11:04.698Z",4.2771
"Medidor 4 - ICAS","Corriente L3","A",13.77464840674849,0,82.7311,"2025-01-12T18:12:04.785Z",4.3281
"Medidor 4 - ICAS","Corriente L3","A",13.77464840674849,0,82.7311,"2025-01-12T18:13:04.907Z",4.2819
"Medidor 4 - ICAS","Corriente L3","A",13.77464840674849,0,82.7311,"2025-01-12T18:14:04.998Z",4.2753
"Medidor 4 - ICAS","Corriente L3","A",13.77464840674849,0,82.7311,"2025-01-12T18:15:05.128Z",5.4022
"Medidor 4 - ICAS","Corriente L3","A",13.77464840674849,0,82.7311,"2025-01-12T18:16:05.184Z",6.6122
"Medidor 4 - ICAS","Corriente L3","A",13.77464840674849,0,82.7311,"2025-01-12T18:17:05.317Z",5.4203
"Medidor 4 - ICAS","Corriente L3","A",13.77464840674849,0,82.7311,"2025-01-12T18:18:05.413Z",4.2686
"Medidor 4 - ICAS","Corriente L3","A",13.77464840674849,0,82.7311,"2025-01-12T18:19:05.512Z",4.263
"Medidor 4 - ICAS","Corriente L3","A",13.77464840674849,0,82.7311,"2025-01-12T18:20:05.609Z",5.3926
"Medidor 4 - ICAS","Corriente L3","A",13.77464840674849,0,82.7311,"2025-01-12T18:21:05.681Z",5.4121
"Medidor 4 - ICAS","Corriente L3","A",13.77464840674849,0,82.7311,"2025-01-12T18:22:05.792Z",5.4224
"Medidor 4 - ICAS","Corriente L3","A",13.77464840674849,0,82.7311,"2025-01-12T18:23:05.901Z",4.3034
"Medidor 4 - ICAS","Corriente L3","A",13.77464840674849,0,82.7311,"2025-01-12T18:24:05.985Z",5.4544
"Medidor 4 - ICAS","Corriente L3","A",13.77464840674849,0,82.7311,"2025-01-12T18:25:06.040Z",4.3012
"Medidor 4 - ICAS","Corriente L3","A",13.77464840674849,0,82.7311,"2025-01-12T18:26:06.153Z",4.3189
"Medidor 4 - ICAS","Corriente L3","A",13.77464840674849,0,82.7311,"2025-01-12T18:27:06.249Z",4.3141
"Medidor 4 - ICAS","Corriente L3","A",13.77464840674849,0,82.7311,"2025-01-12T18:28:06.344Z",5.4338
"Medidor 4 - ICAS","Corriente L3","A",13.77464840674849,0,82.7311,"2025-01-12T18:29:06.391Z",4.2687
"Medidor 4 - ICAS","Corriente L3","A",13.77464840674849,0,82.7311,"2025-01-12T18:30:06.518Z",5.4218
"Medidor 4 - ICAS","Corriente L3","A",13.77464840674849,0,82.7311,"2025-01-12T18:31:06.609Z",5.3683
"Medidor 4 - ICAS","Corriente L3","A",13.77464840674849,0,82.7311,"2025-01-12T18:32:06.660Z",6.589
"Medidor 4 - ICAS","Corriente L3","A",13.77464840674849,0,82.7311,"2025-01-12T18:33:06.711Z",5.4032
"Medidor 4 - ICAS","Corriente L3","A",13.77464840674849,0,82.7311,"2025-01-12T18:34:06.806Z",5.3498
"Medidor 4 - ICAS","Corriente L3","A",13.77464840674849,0,82.7311,"2025-01-12T18:35:06.920Z",5.3319
"Medidor 4 - ICAS","Corriente L3","A",13.77464840674849,0,82.7311,"2025-01-12T18:36:06.975Z",4.2846
"Medidor 4 - ICAS","Corriente L3","A",13.77464840674849,0,82.7311,"2025-01-12T18:37:07.060Z",4.2367
"Medidor 4 - ICAS","Corriente L3","A",13.77464840674849,0,82.7311,"2025-01-12T18:38:07.181Z",4.3188
"Medidor 4 - ICAS","Corriente L3","A",13.77464840674849,0,82.7311,"2025-01-12T18:39:07.260Z",4.2348
"Medidor 4 - ICAS","Corriente L3","A",13.77464840674849,0,82.7311,"2025-01-12T18:40:07.328Z",4.2592
"Medidor 4 - ICAS","Corriente L3","A",13.77464840674849,0,82.7311,"2025-01-12T18:41:07.446Z",4.247
"Medidor 4 - ICAS","Corriente L3","A",13.77464840674849,0,82.7311,"2025-01-12T18:42:07.545Z",4.2442
"Medidor 4 - ICAS","Corriente L3","A",13.77464840674849,0,82.7311,"2025-01-12T18:43:07.625Z",4.2773
"Medidor 4 - ICAS","Corriente L3","A",13.77464840674849,0,82.7311,"2025-01-12T18:44:07.710Z",4.2561
"Medidor 4 - ICAS","Corriente L3","A",13.77464840674849,0,82.7311,"2025-01-12T18:45:07.780Z",5.4423
"Medidor 4 - ICAS","Corriente L3","A",13.77464840674849,0,82.7311,"2025-01-12T18:46:07.931Z",4.23
"Medidor 4 - ICAS","Corriente L3","A",13.77464840674849,0,82.7311,"2025-01-12T18:47:07.995Z",5.2609
"Medidor 4 - ICAS","Corriente L3","A",13.77464840674849,0,82.7311,"2025-01-12T18:48:08.107Z",5.2851
"Medidor 4 - ICAS","Corriente L3","A",13.77464840674849,0,82.7311,"2025-01-12T18:49:08.185Z",5.3014
"Medidor 4 - ICAS","Corriente L3","A",13.77464840674849,0,82.7311,"2025-01-12T18:50:08.243Z",4.258
"Medidor 4 - ICAS","Corriente L3","A",13.77464840674849,0,82.7311,"2025-01-12T18:51:08.356Z",4.2567
"Medidor 4 - ICAS","Corriente L3","A",13.77464840674849,0,82.7311,"2025-01-12T18:52:08.413Z",6.3591
"Medidor 4 - ICAS","Corriente L3","A",13.77464840674849,0,82.7311,"2025-01-12T18:53:08.476Z",7.6192
"Medidor 4 - ICAS","Corriente L3","A",13.77464840674849,0,82.7311,"2025-01-12T18:54:08.601Z",4.2896
"Medidor 4 - ICAS","Corriente L3","A",13.77464840674849,0,82.7311,"2025-01-12T18:55:08.687Z",4.2978
"Medidor 4 - ICAS","Corriente L3","A",13.77464840674849,0,82.7311,"2025-01-12T18:56:08.758Z",4.2705
"Medidor 4 - ICAS","Corriente L3","A",13.77464840674849,0,82.7311,"2025-01-12T18:57:08.866Z",5.3078
"Medidor 4 - ICAS","Corriente L3","A",13.77464840674849,0,82.7311,"2025-01-12T18:58:08.942Z",4.3202
"Medidor 4 - ICAS","Corriente L3","A",13.77464840674849,0,82.7311,"2025-01-12T18:59:09.046Z",4.2601
"Medidor 4 - ICAS","Corriente L3","A",13.77464840674849,0,82.7311,"2025-01-12T19:00:09.091Z",4.2849
"Medidor 4 - ICAS","Corriente L3","A",13.77464840674849,0,82.7311,"2025-01-12T19:01:09.127Z",4.2077
"Medidor 4 - ICAS","Corriente L3","A",13.77464840674849,0,82.7311,"2025-01-12T19:02:09.259Z",4.1921
"Medidor 4 - ICAS","Corriente L3","A",13.77464840674849,0,82.7311,"2025-01-12T19:03:09.366Z",4.2192
"Medidor 4 - ICAS","Corriente L3","A",13.77464840674849,0,82.7311,"2025-01-12T19:04:09.448Z",4.2282
"Medidor 4 - ICAS","Corriente L3","A",13.77464840674849,0,82.7311,"2025-01-12T19:05:09.573Z",4.3231
"Medidor 4 - ICAS","Corriente L3","A",13.77464840674849,0,82.7311,"2025-01-12T19:06:09.608Z",5.3212
"Medidor 4 - ICAS","Corriente L3","A",13.77464840674849,0,82.7311,"2025-01-12T19:07:09.675Z",4.2113
"Medidor 4 - ICAS","Corriente L3","A",13.77464840674849,0,82.7311,"2025-01-12T19:08:09.780Z",4.2174
"Medidor 4 - ICAS","Corriente L3","A",13.77464840674849,0,82.7311,"2025-01-12T19:09:09.919Z",4.2268
"Medidor 4 - ICAS","Corriente L3","A",13.77464840674849,0,82.7311,"2025-01-12T19:10:09.937Z",5.381
"Medidor 4 - ICAS","Corriente L3","A",13.77464840674849,0,82.7311,"2025-01-12T19:11:10.064Z",4.2354
"Medidor 4 - ICAS","Corriente L3","A",13.77464840674849,0,82.7311,"2025-01-12T19:12:10.102Z",10.6604
"Medidor 4 - ICAS","Corriente L3","A",13.77464840674849,0,82.7311,"2025-01-12T19:13:10.240Z",5.3269
"Medidor 4 - ICAS","Corriente L3","A",13.77464840674849,0,82.7311,"2025-01-12T19:14:10.335Z",5.3458
"Medidor 4 - ICAS","Corriente L3","A",13.77464840674849,0,82.7311,"2025-01-12T19:15:10.400Z",5.343
"Medidor 4 - ICAS","Corriente L3","A",13.77464840674849,0,82.7311,"2025-01-12T19:16:10.489Z",5.3777
"Medidor 4 - ICAS","Corriente L3","A",13.77464840674849,0,82.7311,"2025-01-12T19:17:10.584Z",4.2296
"Medidor 4 - ICAS","Corriente L3","A",13.77464840674849,0,82.7311,"2025-01-12T19:18:10.696Z",4.2594
"Medidor 4 - ICAS","Corriente L3","A",13.77464840674849,0,82.7311,"2025-01-12T19:19:10.777Z",5.3673
"Medidor 4 - ICAS","Corriente L3","A",13.77464840674849,0,82.7311,"2025-01-12T19:20:10.874Z",4.2781
"Medidor 4 - ICAS","Corriente L3","A",13.77464840674849,0,82.7311,"2025-01-12T19:21:10.995Z",4.2589
"Medidor 4 - ICAS","Corriente L3","A",13.77464840674849,0,82.7311,"2025-01-12T19:22:11.074Z",4.2585
"Medidor 4 - ICAS","Corriente L3","A",13.77464840674849,0,82.7311,"2025-01-12T19:23:11.156Z",5.3805
"Medidor 4 - ICAS","Corriente L3","A",13.77464840674849,0,82.7311,"2025-01-12T19:24:11.281Z",5.3667
"Medidor 4 - ICAS","Corriente L3","A",13.77464840674849,0,82.7311,"2025-01-12T19:25:11.349Z",5.4003
"Medidor 4 - ICAS","Corriente L3","A",13.77464840674849,0,82.7311,"2025-01-12T19:26:11.445Z",5.4801
"Medidor 4 - ICAS","Corriente L3","A",13.77464840674849,0,82.7311,"2025-01-12T19:27:11.509Z",6.4998
"Medidor 4 - ICAS","Corriente L3","A",13.77464840674849,0,82.7311,"2025-01-12T19:28:11.656Z",5.3309
"Medidor 4 - ICAS","Corriente L3","A",13.77464840674849,0,82.7311,"2025-01-12T19:29:11.741Z",4.281
"Medidor 4 - ICAS","Corriente L3","A",13.77464840674849,0,82.7311,"2025-01-12T19:30:11.821Z",4.2511
"Medidor 4 - ICAS","Corriente L3","A",13.77464840674849,0,82.7311,"2025-01-12T19:31:11.934Z",4.2463
"Medidor 4 - ICAS","Corriente L3","A",13.77464840674849,0,82.7311,"2025-01-12T19:32:12.023Z",4.2675
"Medidor 4 - ICAS","Corriente L3","A",13.77464840674849,0,82.7311,"2025-01-12T19:33:12.071Z",4.2963
"Medidor 4 - ICAS","Corriente L3","A",13.77464840674849,0,82.7311,"2025-01-12T19:34:12.183Z",4.2466
"Medidor 4 - ICAS","Corriente L3","A",13.77464840674849,0,82.7311,"2025-01-12T19:35:12.302Z",4.26
"Medidor 4 - ICAS","Corriente L3","A",13.77464840674849,0,82.7311,"2025-01-12T19:36:12.350Z",6.4929
"Medidor 4 - ICAS","Corriente L3","A",13.77464840674849,0,82.7311,"2025-01-12T19:37:12.447Z",5.3596
"Medidor 4 - ICAS","Corriente L3","A",13.77464840674849,0,82.7311,"2025-01-12T19:38:12.517Z",4.248
"Medidor 4 - ICAS","Corriente L3","A",13.77464840674849,0,82.7311,"2025-01-12T19:39:12.606Z",5.4058
"Medidor 4 - ICAS","Corriente L3","A",13.77464840674849,0,82.7311,"2025-01-12T19:40:12.713Z",6.6109